Name (Long),Surname,Name,Party,Twitter Handle,Result 1,Result 2,Result 3,Result 4,Result 5,Result 6,Result 7
Βιλιάρδος Διονυσίου Βασίλειος,Βιλιάρδος,Βιλιάρδος Βασίλειος,ΕΛΛΗΝΙΚΗ ΛΥΣΗ,ViliardosV,@ViliardosV,@ViliardosV,,,,,
Αλεξοπούλου Κωνσταντίνου Αναστασία - Αικατερίνη,Αλεξοπούλου,Αλεξοπούλου Αικατερίνη,ΕΛΛΗΝΙΚΗ ΛΥΣΗ,anaik2020,@anaik2020,@kaityAlex,@ΖΩΗΣ,,,,
Αθανασίου Ευαγγέλου Μαρία,Αθανασίου,Αθανασίου Μαρία,ΕΛΛΗΝΙΚΗ ΛΥΣΗ,MariaAt03902914,@MariaAt03902914,@desp1navandi,@MariaAt03902914,@Kathimerini_gr,,,
Βαγενάς Κωνσταντίνου Δημήτριος,Βαγενάς,Βαγενάς Δημήτριος,ΕΛΛΗΝΙΚΗ ΛΥΣΗ,B3Vagenas,@B3Vagenas,,,,,,
Ασημακοπούλου Δημητρίου Σοφία - Χάιδω,Ασημακοπούλου,Ασημακοπούλου Χάιδω,ΕΛΛΗΝΙΚΗ ΛΥΣΗ,SofAsimak,,,,,,,
Μυλωνάκης Αντωνίου Αντώνιος,Μυλωνάκης,Μυλωνάκης Αντώνιος,ΕΛΛΗΝΙΚΗ ΛΥΣΗ,AntMylonakis,@AntMylonakis,,,,,,
Αβδελάς Κωνσταντίνου Απόστολος,Αβδελάς,Αβδελάς Απόστολος,ΕΛΛΗΝΙΚΗ ΛΥΣΗ,avdelas_ap,@avdelas_ap,@FDlRWrxOL6kq3WS,,,,,
Χητάς Αχιλλέως Κωνσταντίνος,Χητάς,Χητάς Κωνσταντίνος,ΕΛΛΗΝΙΚΗ ΛΥΣΗ,chitaskostas,@ChitasKostas,@khutaskostas,,,,,
Βελόπουλος Ιωσήφ Κυριάκος,Βελόπουλος,Βελόπουλος Κυριάκος,ΕΛΛΗΝΙΚΗ ΛΥΣΗ,velopky,@velopky,@ellinikilisi,@velopky,,,,
Μπούμπας Ιωάννη Κωνσταντίνος,Μπούμπας,Μπούμπας Κωνσταντίνος,ΕΛΛΗΝΙΚΗ ΛΥΣΗ,kostasmpoumpas,@kostasmpoumpas,@ChitasKostas,,,,,
Αρβανιτίδης Πέτρου Γεώργιος,Αρβανιτίδης,Αρβανιτίδης Γεώργιος,ΚΙΝΑΛ,Arvanitidis_Geo,,,,,,,
Αχμέτ Σαμπρή Ιλχάν,Αχμέτ,Αχμέτ Ιλχάν,ΚΙΝΑΛ,ilhanahmet,@ILHANAHMET,@ILHANAHMET,,,,,
Γεννηματά Γεωργίου Φωτεινή (Φώφη),Γεννηματά,Γεννηματά Φώφη,ΚΙΝΑΛ,FofiGennimata,@fofigennimata,@FofiGennimata,@FofiGennimata,,,,
Γιαννακοπούλου Ιωάννη Κωνσταντίνα (Νάντια),Γιαννακοπούλου,Γιαννακοπούλου Νάντια,ΚΙΝΑΛ,ngiannakopoulou,@ngiannakopoulou,@ngiannakopoulou,,,,,
Γκόκας Ναπολέοντα Χρήστος,Γκόκας,Γκόκας Χρήστος,ΚΙΝΑΛ,,@koutsoukosilia,,,,,,
Καμίνης Βασιλείου Γεώργιος,Καμίνης,Καμίνης Γεώργιος,ΚΙΝΑΛ,KaminisG,@KaminisG,@ParosMunicipal,,,,,
Καστανίδης Γεωργίου Χαράλαμπος,Καστανίδης,Καστανίδης Χαράλαμπος,ΚΙΝΑΛ,KastanidisHaris,,,,,,,
Κατρίνης Ιωάννη Μιχαήλ,Κατρίνης,Κατρίνης Μιχαήλ,ΚΙΝΑΛ,michaelkatrinis,@michaelkatrinis,@michaelkatrinis,,,,,
Κεγκέρογλου Αλεξάνδρου Βασίλειος,Κεγκέρογλου,Κεγκέρογλου Βασίλειος,ΚΙΝΑΛ,bkegeroglou,@BKegeroglou,,,,,,
Κεφαλίδου Δημητρίου Χαρούλα (Χαρά),Κεφαλίδου,Κεφαλίδου Χαρά,ΚΙΝΑΛ,xarakefalidou,,,,,,,
Κωνσταντινόπουλος Κωνσταντίνου Οδυσσέας,Κωνσταντινόπουλος,Κωνσταντινόπουλος Οδυσσέας,ΚΙΝΑΛ,Odysseas_,@Odysseas_,@Odysseas_,,,,,
Κωνσταντόπουλος Χρήστου Δημήτριος,Κωνσταντόπουλος,Κωνσταντόπουλος Δημήτριος,ΚΙΝΑΛ,dkonstantop,@dkonstantop,@alkon_Ltd,@ch1llys,,,,
Λιακούλη Θεοφάνη Ευαγγελία,Λιακούλη,Λιακούλη Ευαγγελία,ΚΙΝΑΛ,p1l1sulLrVED8tt,@KaminisG,,,,,,
Λοβέρδος Νικολάου Ανδρέας,Λοβέρδος,Λοβέρδος Ανδρέας,ΚΙΝΑΛ,a_loverdos,@a_loverdos,@YiannisLoverdos,@a_loverdos,,,,
Μουλκιώτης Βασιλείου Γεώργιος,Μουλκιώτης,Μουλκιώτης Γεώργιος,ΚΙΝΑΛ,GMoulkiotis,@GMoulkiotis,,,,,,
Μπαράν Νετζαντή Μπουρχάν,Μπαράν,Μπαράν Μπουρχάν,ΚΙΝΑΛ,BurhanBaranDr,,,,,,,
Μπιάγκης Σπυρίδωνος Δημήτριος,Μπιάγκης,Μπιάγκης Δημήτριος,ΚΙΝΑΛ,dimitrisbiagkis,@dimitrisbiagkis,,,,,,
Πανάς Νικολάου Απόστολος,Πανάς,Πανάς Απόστολος,ΚΙΝΑΛ,PanasApostolos,@PanasApostolos,@PanasApostolos,,,,,
Παπανδρέου Ανδρέα Γεώργιος,Παπανδρέου,Παπανδρέου Γεώργιος,ΚΙΝΑΛ,GPapandreou,@GPapandreou,@GPapandreou,,,,,
Πουλάς Θεοδοσίου Ανδρέας,Πουλάς,Πουλάς Ανδρέας,ΚΙΝΑΛ,AndreasPoulas,@AndreasPoulas,,,,,,
Σκανδαλίδης Γεωργίου Κωνσταντίνος,Σκανδαλίδης,Σκανδαλίδης Κωνσταντίνος,ΚΙΝΑΛ,KSkandalidis,@yzafiris,,,,,,
Φραγγίδης Σταύρου Γεώργιος,Φραγγίδης,Φραγγίδης Γεώργιος,ΚΙΝΑΛ,FragidisGeorge,@FragidisGeorge,,,,,,
Γκιόκας Χρήστου Ιωάννης,Γκιόκας,Γκιόκας Ιωάννης,ΚΚΕ,,,,,,,,
Δελής Ιωάννη Ιωάννης,Δελής,Δελής Ιωάννης,ΚΚΕ,,,,,,,,
Κανέλλη Χρήστου Γαρυφαλλιά (Λιάνα),Κανέλλη,Κανέλλη Λιάνα,ΚΚΕ,,@liana,,,,,,
Καραθανασόπουλος Πέτρου Νικόλαος,Καραθανασόπουλος,Καραθανασόπουλος Νικόλαος,ΚΚΕ,,@λ,@κί,,,,,
Κατσώτης Περικλή Χρήστος,Κατσώτης,Κατσώτης Χρήστος,ΚΚΕ,,,,,,,,
Κομνηνάκα Αποστόλου Μαρία,Κομνηνάκα,Κομνηνάκα Μαρία,ΚΚΕ,,,,,,,,
Κουτσούμπας Αποστόλου Δημήτριος,Κουτσούμπας,Κουτσούμπας Δημήτριος,ΚΚΕ,,@gt_kke,,,,,,
Λαμπρούλης Αριστείδη Γεώργιος,Λαμπρούλης,Λαμπρούλης Γεώργιος,ΚΚΕ,,,,,,,,
Μανωλάκου Εμμανουήλ Διαμάντω,Μανωλάκου,Μανωλάκου Διαμάντω,ΚΚΕ,,,,,,,,
Μαρίνος Βασιλείου Γεώργιος,Μαρίνος,Μαρίνος Γεώργιος,ΚΚΕ,,@marinosgiorgos,@michalis_marinos_official,@marinos,,,,
Παπαναστάσης Αθανασίου Νικόλαος,Παπαναστάσης,Παπαναστάσης Νικόλαος,ΚΚΕ,,@nicpapan,,,,,,
Παπαρήγα Νικολάου Αλεξάνδρα,Παπαρήγα,Παπαρήγα Αλεξάνδρα,ΚΚΕ,,,,,,,,
Παφίλης Σπυρίδωνος Αθανάσιος,Παφίλης,Παφίλης Αθανάσιος,ΚΚΕ,,,,,,,,
Στολτίδης Δημητρίου Λεωνίδας,Στολτίδης,Στολτίδης Λεωνίδας,ΚΚΕ,,,,,,,,
Συντυχάκης Δανιήλ Εμμανουήλ,Συντυχάκης,Συντυχάκης Εμμανουήλ,ΚΚΕ,,,,,,,,
Αδαμοπούλου Αθανασίου Αγγελική,Αδαμοπούλου,Αδαμοπούλου Αγγελική,ΜέΡΑ25,,@vanessaadamopoulou,,,,,,
Αδάμου Στεργίου Κωνσταντίνα,Αδάμου,Αδάμου Κωνσταντίνα,ΜέΡΑ25,konstantinaada1,@kwn,@ntinaadamou755,,,,,
Απατζίδη Κυρίλλου Μαρία,Απατζίδη,Απατζίδη Μαρία,ΜέΡΑ25,ApatzidiM,@mariaapatzidi,,,,,,
Βαρουφάκης Γεωργίου Ιωάννης (Γιάνης),Βαρουφάκης,Βαρουφάκης Γιάνης,ΜέΡΑ25,yanisvaroufakis,@yanisvaroufakis,@varoufakis_gr,@varoufakis_gr,@yanisvaroufakis,@yanisvaroufakis,,
Λογιάδης Σοφοκλή - Εμμανουήλ Γεώργιος,Λογιάδης,Λογιάδης Γεώργιος,ΜέΡΑ25,GeorgeLogiadis,,,,,,,
Μπακαδήμα Αγαθοκλή Φωτεινή,Μπακαδήμα,Μπακαδήμα Φωτεινή,ΜέΡΑ25,fbakadima,@fbakadima,@fbakadima,,,,,
Αρσένης Δημοκράτη Κρίτων - Ηλίας,Αρσένης,Αρσένης Ηλίας,ΜέΡΑ25,karsenis,@karsenis,,,,,,
Γρηγοριάδης Γεωργίου Κλέων,Γρηγοριάδης,Γρηγοριάδης Κλέων,ΜέΡΑ25,,,,,,,,
Σακοράφα Ηλία Σοφία,Σακοράφα,Σακοράφα Σοφία,ΜέΡΑ25,SofiaSakorafa,@SofiaSakorafa,@SofiaSakorafa,,,,,
Γεραπετρίτης Βασιλείου Γεώργιος,Γεραπετρίτης,Γεραπετρίτης Γεώργιος,ΝΔ,,@giorgostsipras,,,,,,
Γιαννάκου Παναγιώτη Μαριορή (Μαριέττα),Γιαννάκου,Γιαννάκου Μαριέττα,ΝΔ,m_giannakou,@m_giannakou,,,,,,
Θεοδωρικάκος Δημητρίου Παναγιώτης (Τάκης),Θεοδωρικάκος,Θεοδωρικάκος Τάκης,ΝΔ,theodorikakosp,@theodorikakosp,,,,,,
Πικραμμένος Όθωνος Παναγιώτης,Πικραμμένος,Πικραμμένος Παναγιώτης,ΝΔ,,,,,,,,
Ταραντίλης Δημητρίου Χρήστος,Ταραντίλης,Ταραντίλης Χρήστος,ΝΔ,xtarantilis,@xtarantilis,@xtarantilis,@xtarantilis,,,,
Συρίγος Ματθαίου Ευάγγελος (Άγγελος),Συρίγος,Συρίγος Άγγελος,ΝΔ,angelossyrigos,@AngelosSyrigos,@AngelosSyrigos,@angelossyrigos,,,,
Πιπιλή Ανδρέα Φωτεινή,Πιπιλή,Πιπιλή Φωτεινή,ΝΔ,FotiniPipili,@FotiniPipili,,,,,,
Μπογδάνος Σπυρίδωνος Κωνσταντίνος,Μπογδάνος,Μπογδάνος Κωνσταντίνος,ΝΔ,bogdanosk,@bogdanosk,@constantinosbogdanos,@bogdanosk,@iliasbogdanos,,,
Κακλαμάνης Μιχαήλ Νικήτας,Κακλαμάνης,Κακλαμάνης Νικήτας,ΝΔ,NKaklamanis,@nkaklamanis,@nkaklamanis,@nkaklamanis,@neademokratia,,,
Κεφαλογιάννη Ιωάννη Όλγα,Κεφαλογιάννη,Κεφαλογιάννη Όλγα,ΝΔ,olgakef,@olgakef,@olgakefalogianni,@olgakef,,,,
Κικίλιας Παναγιώτη Βασίλειος,Κικίλιας,Κικίλιας Βασίλειος,ΝΔ,Vkikilias,@vkikilias,@Vkikilias,,,,,
Πλεύρης Κωνσταντίνου Αθανάσιος,Πλεύρης,Πλεύρης Αθανάσιος,ΝΔ,thanosplevris,@thanosplevris,@thanosplevris,,,,,
Ράπτη Γεωργίου Ζωή,Ράπτη,Ράπτη Ζωή,ΝΔ,raptizoi,@raptizoi,@zoirapti,@raptizoi,@rapti_elena_official,@kympouropoulos,@kyranakis,@zoi
Ρουσόπουλος Βασιλείου Θεόδωρος,Ρουσόπουλος,Ρουσόπουλος Θεόδωρος,ΝΔ,RoussopoulosTh,@roussopoulosth,,,,,,
Κουμουτσάκος Σπυρίδωνος Γεώργιος,Κουμουτσάκος,Κουμουτσάκος Γεώργιος,ΝΔ,GKoumoutsakos,@GKoumoutsakos,,,,,,
Κεραμέως Κωνσταντίνου Νίκη,Κεραμέως,Κεραμέως Νίκη,ΝΔ,nkerameus,@nkerameus,@nkerameus,@nkerameus,,,,
Καιρίδης Κωνσταντίνου Δημήτριος,Καιρίδης,Καιρίδης Δημήτριος,ΝΔ,DimKairidis,@DimKairidis,@DimKairidis,@adonis_georgiadis,@marevagrabowskimitsotaki,@nkerameus,,
Γεωργιάδης Αθανασίου Σπυρίδων - Άδωνις,Γεωργιάδης,Γεωργιάδης Άδωνις,ΝΔ,AdonisGeorgiadi,@AdonisGeorgiadi,@adonis_georgiadis,@AdonisGeorgiadi,@AdonisGeorgiadi,,,
Χατζηδάκης Ιωάννη Κωνσταντίνος (Κωστής),Χατζηδάκης,Χατζηδάκης Κωστής,ΝΔ,K_Hatzidakis,@K_Hatzidakis,@kostis_hatzidakis,@K_Hatzidakis,,,,
Βαρβιτσιώτης Ιωάννη Μιλτιάδης,Βαρβιτσιώτης,Βαρβιτσιώτης Μιλτιάδης,ΝΔ,MVarvitsiotis,@MVarvitsiotis,@MVarvitsiotis,,,,,
Λοβέρδος Πέτρου Ιωάννης - Μιχαήλ (Γιάννης),Λοβέρδος,Λοβέρδος Γιάννης,ΝΔ,YiannisLoverdos,@YiannisLoverdos,@YiannisLoverdos,,,,,
Μητσοτάκης Κωνσταντίνου Κυριάκος,Μητσοτάκης,Μητσοτάκης Κυριάκος,ΝΔ,kmitsotakis,@kmitsotakis,@kyriakos_,@PrimeministerGR,@marevagrabowskimitsotaki,@kmitsotakis,,
Κυρανάκης Ιωάννη - Παναγιώτη Κωνσταντίνος,Κυρανάκης,Κυρανάκης Κωνσταντίνος,ΝΔ,kyranakis,@kyranakis,@kyranakis,@kyranakis,,,,
Παπαδημητρίου Αθανασίου Χαράλαμπος (Μπάμπης),Παπαδημητρίου,Παπαδημητρίου Μπάμπης,ΝΔ,babis2019,@babis2019,@babis2019,,,,,
Σπανάκης Νικολάου Βασίλειος - Πέτρος,Σπανάκης,Σπανάκης Πέτρος,ΝΔ,vspanakis,@vspanakis,@vspanakis,,,,,
Δένδιας Σπυρίδωνος Νικόλαος - Γεώργιος,Δένδιας,Δένδιας Γεώργιος,ΝΔ,NikosDendias,@GKoumoutsakos,,,,,,
Βούλτεψη Ιωάννη Σοφία,Βούλτεψη,Βούλτεψη Σοφία,ΝΔ,sofia_voultepsi,@Sofia_voultepsi,@Sofia_voultepsi,,,,,
Καλλιάνος Δημητρίου Ιωάννης,Καλλιάνος,Καλλιάνος Ιωάννης,ΝΔ,kallianos,@kallianos,,,,,,
Καραμανλή Αρκαδίου Άννα,Καραμανλή,Καραμανλή Άννα,ΝΔ,annakaramanli,@AnnaKaramanli,@AnnaKaramanli,@vanessa,,,,
Θεοχάρης Αθανασίου Θεοχάρης (Χάρης),Θεοχάρης,Θεοχάρης Χάρης,ΝΔ,htheoharis,@htheoharis,@harry_theoharis,@htheoharis,@haris_sianidis,,,
Χατζηδάκης Διονυσίου Διονύσιος,Χατζηδάκης,Χατζηδάκης Διονύσιος,ΝΔ,,,,,,,,
Δούνια Δημητρίου Παναγιώτα (Νόνη),Δούνια,Δούνια Νόνη,ΝΔ,NoniDounia,@NoniDounia,,,,,,
Κατσαφάδος Ιωάννη Κωνσταντίνος,Κατσαφάδος,Κατσαφάδος Κωνσταντίνος,ΝΔ,katsafados,@katsafadosk,@KostasVlasis,@KostasVlasis,@carvanitopoulos,,,
Μπουτσικάκης Ιωάννη Χριστόφορος - Εμμανουήλ,Μπουτσικάκης,Μπουτσικάκης Εμμανουήλ,ΝΔ,BoutsikakisChr,,,,,,,
Μελάς Παναγιώτη Ιωάννης,Μελάς,Μελάς Ιωάννης,ΝΔ,yiannismelas,@yiannismelas,@yiannismelas,@yiannismoralis,@yiannismelas,,,
Μανωλάκος Πέτρου Νικόλαος,Μανωλάκος,Μανωλάκος Νικόλαος,ΝΔ,manolakosnik,@manolakosnik,@foteini,,,,,
Μαρκόπουλος Κωνσταντίνου Δημήτριος,Μαρκόπουλος,Μαρκόπουλος Δημήτριος,ΝΔ,markopoulosdimi,@MarkopoulosDimi,@MarkopoulosDimi,,,,,
Τραγάκης Παναγιώτη Ιωάννης,Τραγάκης,Τραγάκης Ιωάννης,ΝΔ,,,,,,,,
Μαρτίνου Αθανασίου Γεωργία,Μαρτίνου,Μαρτίνου Γεωργία,ΝΔ,GeorgiaMartinou,@GeorgiaMartinou,,,,,,
Οικονόμου Αθανασίου Βασίλειος,Οικονόμου,Οικονόμου Βασίλειος,ΝΔ,OikonomouVasili,@OikonomouVasili,,,,,,
Βλάχος Θεοδώρου Γεώργιος,Βλάχος,Βλάχος Γεώργιος,ΝΔ,Vlachos_G,@Vlachos_G,@Vlachos_G,,,,,
Βορίδης Χρήστου Μαυρουδής (Μάκης),Βορίδης,Βορίδης Μάκης,ΝΔ,MakisVoridis,@MakisVoridis,@makisvoridis,@MakisVoridis,,,,
Μπούρας Κωνσταντίνου Αθανάσιος,Μπούρας,Μπούρας Αθανάσιος,ΝΔ,athbouras,@athbouras,,,,,,
Κώτσηρας Αναστασίου Γεώργιος,Κώτσηρας,Κώτσηρας Γεώργιος,ΝΔ,giorgoskotsiras,@giorgoskotsiras,@giorgoskotsiras,,,,,
Λιάκος Γεωργίου Ευάγγελος,Λιάκος,Λιάκος Ευάγγελος,ΝΔ,liakosev,@liakosev,,,,,,
Λιβανός Διονυσίου Σπυρίδωνας-Παναγιώτης (Σπήλιος),Λιβανός,Λιβανός Σπήλιος,ΝΔ,SpiliosL,@SpiliosL,@SpiliosL,@kympouropoulos,@anna_michelle_nd,,,
Σαλμάς Γεωργίου Μάριος,Σαλμάς,Σαλμάς Μάριος,ΝΔ,salmasmarios,@vasilis_tsintzos,@SalmasMarios,,,,,
Καραγκούνης Ανδρέα Κωνσταντίνος,Καραγκούνης,Καραγκούνης Κωνσταντίνος,ΝΔ,k_karagounis,@k_karagounis,@k_karagounis,@mitoo44,@dora_panteli_,,,
Ανδριανός Σωτηρίου Ιωάννης,Ανδριανός,Ανδριανός Ιωάννης,ΝΔ,,@yiannismelas,@CaritasEuropa,@CaritasEuropa,,,,
Βλάσης Γεωργίου Κωνσταντίνος,Βλάσης,Βλάσης Κωνσταντίνος,ΝΔ,KostasVlasis,@KostasVlasis,@KostasVlasis,,,,,
Στύλιος Δημοσθένη Γεώργιος,Στύλιος,Στύλιος Γεώργιος,ΝΔ,gstylios,@gstylios,@gstylios,,,,,
Αλεξοπούλου Μιχαήλ Χριστίνα,Αλεξοπούλου,Αλεξοπούλου Χριστίνα,ΝΔ,xrisalex,@xrisalex,@xrisalex,@christina,,,,
Κατσανιώτης Ιωάννη Ανδρέας,Κατσανιώτης,Κατσανιώτης Ανδρέας,ΝΔ,katsaniotis,@katsaniotis,@tsigris_angelos,@tsigris_angelos,,,,
Τσιγκρής Αντωνίου Άγγελος,Τσιγκρής,Τσιγκρής Άγγελος,ΝΔ,tsigris_angelos,@tsigris_angelos,@tsigris_angelos,,,,,
Φωτήλας Ασημάκη Ιάσων,Φωτήλας,Φωτήλας Ιάσων,ΝΔ,IasonFotilas,,,,,,,
Κουτσούμπας Βασιλείου Ανδρέας,Κουτσούμπας,Κουτσούμπας Ανδρέας,ΝΔ,kutsubad,@kutsubad,@kutsubad,,,,,
Πάτσης Κωνσταντίνου Ανδρέας,Πάτσης,Πάτσης Ανδρέας,ΝΔ,patsis_andreas,@patsisandreas,@patsis_andreas,@patsis_andreas,,,,
Μπλούχος Δημητρίου Κωνσταντίνος,Μπλούχος,Μπλούχος Κωνσταντίνος,ΝΔ,blouchosdrama,,,,,,,
Παππάς Κωνσταντίνου Ιωάννης,Παππάς,Παππάς Ιωάννης,ΝΔ,pappas_ioannis,@nikospappas16,@ciao,@pappas_ioannis,@jsarakiotis,@Georgios_Pappas,@YiannisLoverdos,
Κόνσολας Νικία Εμμανουήλ (Μάνος),Κόνσολας,Κόνσολας Μάνος,ΝΔ,manoskonsolas,@manoskonsolas,@konsolasmanos,@aktiimperialhotel,,,,
Ιατρίδη Ιωάννη Τσαμπίκα (Μίκα),Ιατρίδη,Ιατρίδη Μίκα,ΝΔ,,,,,,,,
Υψηλάντης Αναστασίου Βασίλειος - Νικόλαος,Υψηλάντης,Υψηλάντης Νικόλαος,ΝΔ,vnaypsilantis,@makrismedical,@andonis_cambourakis,,,,,
Δημοσχάκης Σπύρου Αναστάσιος (Τάσος),Δημοσχάκης,Δημοσχάκης Τάσος,ΝΔ,ADimoschakis,,,,,,,
Κελέτσης Δημητρίου Σταύρος,Κελέτσης,Κελέτσης Σταύρος,ΝΔ,keletsis,@stavros_keletsis,@keletsis,,,,,
Δερμεντζόπουλος Αλεξάνδρου Χρήστος,Δερμεντζόπουλος,Δερμεντζόπουλος Χρήστος,ΝΔ,ChrisDermen,,,,,,,
Κεδίκογλου Βασιλείου Συμεών (Σίμος),Κεδίκογλου,Κεδίκογλου Σίμος,ΝΔ,SimosKedikoglou,@SimosKedikoglou,,,,,,
Ζεμπίλης Γεωργίου Αθανάσιος,Ζεμπίλης,Ζεμπίλης Αθανάσιος,ΝΔ,than_zebilis,,,,,,,
Πνευματικός Γεωργίου Σπυρίδωνας,Πνευματικός,Πνευματικός Σπυρίδωνας,ΝΔ,,,,,,,,
Κοντογεώργος Αθανασίου Κωνσταντίνος,Κοντογεώργος,Κοντογεώργος Κωνσταντίνος,ΝΔ,,@MKanellopoulos,,,,,,
Ακτύπης Δημητρίου Διονύσιος,Ακτύπης,Ακτύπης Διονύσιος,ΝΔ,,@Dion_Aktipis,,,,,,
Νικολακόπουλος Θεοδώρου Ανδρέας,Νικολακόπουλος,Νικολακόπουλος Ανδρέας,ΝΔ,anikolakopoulos,@anikolakopoulos,@Nik_Andreas7,@anikolakopoulos,@christina,,,
Τζαβάρας Γεωργίου Κωνσταντίνος,Τζαβάρας,Τζαβάρας Κωνσταντίνος,ΝΔ,Tzavaraskon,@malamasmixa,@malamasmixa,,,,,
Αυγερινοπούλου Ζήσιμου Διονυσία - Θεοδώρα,Αυγερινοπούλου,Αυγερινοπούλου Θεοδώρα,ΝΔ,avgerinopoulou,@avgerinopoulou,,,,,,
Βεσυρόπουλος Φωτίου Απόστολος,Βεσυρόπουλος,Βεσυρόπουλος Απόστολος,ΝΔ,a_vesiropoulos,@atzitzikostas,@a_vesiropoulos,,,,,
Μπαρτζώκας Στεργίου Αναστάσιος,Μπαρτζώκας,Μπαρτζώκας Αναστάσιος,ΝΔ,t_bartzokas,,,,,,,
Τσαβδαρίδης Γεωργίου Λάζαρος,Τσαβδαρίδης,Τσαβδαρίδης Λάζαρος,ΝΔ,lazarostsavdar1,@L_Tsavdaridis,,,,,,
Σενετάκης Γεωργίου Μάξιμος,Σενετάκης,Σενετάκης Μάξιμος,ΝΔ,maxsenetakis,@maxsenetakis,@maxsenetakis,,,,,
Αυγενάκης Κωνσταντίνου Ελευθέριος,Αυγενάκης,Αυγενάκης Ελευθέριος,ΝΔ,l_avgenakis,@l_avgenakis,,,,,,
Γιόγιακας Νικολάου Βασίλειος,Γιόγιακας,Γιόγιακας Βασίλειος,ΝΔ,giogiakasv,,,,,,,
Γκιουλέκας Πέτρου Κωνσταντίνος,Γκιουλέκας,Γκιουλέκας Κωνσταντίνος,ΝΔ,gioulekaskostas,@gioulekaskostas,@constantinosbogdanos,@gioulekaskostas,@kyranakis,,,
Καραμανλής Αλεξάνδρου Κωνσταντίνος,Καραμανλής,Καραμανλής Κωνσταντίνος,ΝΔ,,@karamanlis_k,@karamanlis_k,@K_Karamanlis,@kostakaramanlis,@idKaramanlis,,
Καλαφάτης Αθανασίου Σταύρος,Καλαφάτης,Καλαφάτης Σταύρος,ΝΔ,KalafatisSt,@KalafatisSt,,,,,,
Ευθυμίου Ταξιάρχη Άννα,Ευθυμίου,Ευθυμίου Άννα,ΝΔ,AnnaEfthymiou_,@AnnaEfthymiou_,@AnnaEfthymiou_,,,,,
Σιμόπουλος Γεωργίου Ευστράτιος (Στράτος),Σιμόπουλος,Σιμόπουλος Στράτος,ΝΔ,efsimopoulos,@efsimopoulos,@efsimopoulos,@stratos_simopoulos,,,,
Ράπτη Δημητρίου Ελένη,Ράπτη,Ράπτη Ελένη,ΝΔ,Elena_Rapti,@rapti_elena_official,@mariarapti78,@Elena_Rapti,@Elena_Rapti,@macedonianradio,,
Κούβελας Σωτηρίου Δημήτριος,Κούβελας,Κούβελας Δημήτριος,ΝΔ,dkouvelas,@dkouvelas,@kouvelasmits,@DKouvelas,@kouvelasmits,,,
Καράογλου Γεωργίου Θεόδωρος,Καράογλου,Καράογλου Θεόδωρος,ΝΔ,TheoKaraoglou,@TheoKaraoglou,@TheoKaraoglou,@a,,,,
Βαρτζόπουλος Χρυσοστόμου Δημήτριος,Βαρτζόπουλος,Βαρτζόπουλος Δημήτριος,ΝΔ,DimVartzopoulos,@DimVartzopoulos,@DimVartzopoulos,,,,,
Αναστασιάδης Ιωάννη Σάββας,Αναστασιάδης,Αναστασιάδης Σάββας,ΝΔ,savanastasiadis,@savanastasiadis,@savanastasiadis,,,,,
Κεφαλά Στεφάνου Μαρία - Αλεξάνδρα,Κεφαλά,Κεφαλά Αλεξάνδρα,ΝΔ,,,,,,,,
Καλογιάννης Ελευθερίου Σταύρος,Καλογιάννης,Καλογιάννης Σταύρος,ΝΔ,,,,,,,,
Τασούλας Αναστασίου Κωνσταντίνος,Τασούλας,Τασούλας Κωνσταντίνος,ΝΔ,,@3a8662b5fdcb4b2,,,,,,
Αμυράς Στυλιανού Γεώργιος,Αμυράς,Αμυράς Γεώργιος,ΝΔ,amirasgiorgos,@amirasgiorgos,@amirasgiorgos,@amirasgiorgos,@amirasgiorgos,@amirasgiorgos,,
Παναγιωτόπουλος Ιωάννη Νικόλαος,Παναγιωτόπουλος,Παναγιωτόπουλος Νικόλαος,ΝΔ,npanagioto,@npanagioto,@nikos,@npanagioto,@HellenicMOD,@Hellenic_MOD,@HellenicMOD,
Πασχαλίδης Αδάμ Ιωάννης,Πασχαλίδης,Πασχαλίδης Ιωάννης,ΝΔ,pasxalidisjohn,@pasxalidisjohn,@pasxalidisjohn,,,,,
Λαζαρίδης Βασιλείου Μακάριος,Λαζαρίδης,Λαζαρίδης Μακάριος,ΝΔ,mvlazaridis,@mvlazaridis,@mvlazaridis,@mvlazaridis,,,,
Κωτσός Κωνσταντίνου Γεώργιος,Κωτσός,Κωτσός Γεώργιος,ΝΔ,KotsosGiorgos,,,,,,,
Σκόνδρα Κωνσταντίνου Ασημίνα,Σκόνδρα,Σκόνδρα Ασημίνα,ΝΔ,AsiminaSkondra,@TagarasNikos,@E_Karanasios,,,,,
Τσιάρας Αλεξάνδρου Κωνσταντίνος,Τσιάρας,Τσιάρας Κωνσταντίνος,ΝΔ,tsiaras_kostas,@tsiaras_kostas,@ParosMunicipal,@tsiaras_kostas,,,,
Τζηκαλάγιας Γεωργίου Ζήσης,Τζηκαλάγιας,Τζηκαλάγιας Ζήσης,ΝΔ,,,,,,,,
Γκίκας Σωτηρίου Στέφανος,Γκίκας,Γκίκας Στέφανος,ΝΔ,STEFANOS_GIKAS,@STEFANOS_GIKAS,@STEFANOS_GIKAS,@reeza_restaurant,,,,
Καππάτος Σπυρίδωνος-Διονυσίου Παναγής,Καππάτος,Καππάτος Παναγής,ΝΔ,pkappatos,@pkappatos,,,,,,
Γεωργαντάς Παύλου Γεώργιος,Γεωργαντάς,Γεωργαντάς Γεώργιος,ΝΔ,georgantasgr,@georgantasgr,@georgantasgr,,,,,
Βρυζίδου Παναγιώτη Παρασκευή,Βρυζίδου,Βρυζίδου Παρασκευή,ΝΔ,Vrizidou_Vicky,,,,,,,
Αμανατίδης Ισαάκ Γεώργιος,Αμανατίδης,Αμανατίδης Γεώργιος,ΝΔ,amanatidis_g,@amanatidis_g,,,,,,
Παπαδόπουλος Γεωργίου Μιχάλης,Παπαδόπουλος,Παπαδόπουλος Μιχάλης,ΝΔ,papadopoulosmix,@michalisspap,@nikoschristodoulides,,,,,
Κωνσταντινίδης Κωνσταντίνου Ευστάθιος,Κωνσταντινίδης,Κωνσταντινίδης Ευστάθιος,ΝΔ,Stathis_Konst,,,,,,,
Σούκουλη - Βιλιάλη Δημητρίου Μαρία Ελένη (Μαριλένα),Σούκουλη,Σούκουλη Μαριλένα,ΝΔ,msoukouli,@msoukouli,@msoukouli,,,,,
Ταγαράς Χρήστου Νικόλαος,Ταγαράς,Ταγαράς Νικόλαος,ΝΔ,TagarasNikos,,,,,,,
Δήμας Σταύρου Χρίστος,Δήμας,Δήμας Χρίστος,ΝΔ,ChristosDimas_,@ChristosDimas_,@ChristosDimas_,@gzarifopoulos,,,,
Βρούτσης Βασιλείου Ιωάννης,Βρούτσης,Βρούτσης Ιωάννης,ΝΔ,vroutsisgiannis,@VroutsisGiannis,,,,,,
Μονογυιού Αικατερίνη,Μονογυιού,Μονογυιού Αικατερίνη,ΝΔ,MonogiouKateri1,@KMonogiou,@katerina_monogiou,@KMonogiou,,,,
Φόρτωμας Αριστοτέλη Φίλιππος,Φόρτωμας,Φόρτωμας Φίλιππος,ΝΔ,,@philip_fortomas,@HaraXanthi,@HaraXanthi,,,,
Κρητικός Δημοσθένη Νεοκλής,Κρητικός,Κρητικός Νεοκλής,ΝΔ,neokliskritikos,,,,,,,
Δαβάκης Παναγιώτη Αθανάσιος,Δαβάκης,Δαβάκης Αθανάσιος,ΝΔ,adavakis,@adavakis,,,,,,
Κέλλας Αχιλλέα Χρήστος,Κέλλας,Κέλλας Χρήστος,ΝΔ,kellas_xristos,@kellas_xristos,@kellas_xristos,@christina,,,,
Μπίζιου Νικολάου Στεργιανή (Στέλλα),Μπίζιου,Μπίζιου Στέλλα,ΝΔ,BiziouStella,@stellabiziou,,,,,,
Χαρακόπουλος Παντελή Μάξιμος,Χαρακόπουλος,Χαρακόπουλος Μάξιμος,ΝΔ,pantamaximos,@pantamaximos,@pantamaximos,,,,,
Πλακιωτάκης Ιωσήφ Ιωάννης,Πλακιωτάκης,Πλακιωτάκης Ιωάννης,ΝΔ,g_plakiotakis,@G_Plakiotakis,@G_Plakiotakis,@rafnar_hellas,,,,
Αθανασίου Χριστόφα Χαράλαμπος,Αθανασίου,Αθανασίου Χαράλαμπος,ΝΔ,XarAthan,@XarAthan,@XarAthan,,,,,
Καββαδάς Ιωάννη Αθανάσιος,Καββαδάς,Καββαδάς Αθανάσιος,ΝΔ,,,,,,,,
Μπουκώρος Γεωργίου Χρήστος,Μπουκώρος,Μπουκώρος Χρήστος,ΝΔ,chboukoros1,@chboukoros1,@chboukoros1,,,,,
Μαραβέγιας Αριστοτέλη Κωνσταντίνος,Μαραβέγιας,Μαραβέγιας Κωνσταντίνος,ΝΔ,maravegiaskost,@odeon_gr,@margaritamara1,@ConstantinosHP,@ERTdeka,,,
Μακρή Μιχαήλ Ζωή (Ζέττα),Μακρή,Μακρή Ζέττα,ΝΔ,zettamakri,@ZettaMakri,@ZettaMakri,,,,,
Λιούπης Κωνσταντίνου Αθανάσιος,Λιούπης,Λιούπης Αθανάσιος,ΝΔ,,@amirasgiorgos,@amirasgiorgos,@amirasgiorgos,,,,
Μαντάς Παντελή Περικλής,Μαντάς,Μαντάς Περικλής,ΝΔ,periklismantas,@periklismantas,@dorisstrohmaier,@periklis_mantas,,,,
Λαμπρόπουλος Δημητρίου Ιωάννης,Λαμπρόπουλος,Λαμπρόπουλος Ιωάννης,ΝΔ,,@NovaGreece,,,,,,
Σαμαράς Κωνσταντίνου Αντώνιος,Σαμαράς,Σαμαράς Αντώνιος,ΝΔ,samaras_antonis,@samaras_antonis,@samaras_antonis,@tsapatakis_a,@samaras_antonis,,,
Χρυσομάλλης Παναγιώτη Μιλτιάδης (Μίλτος),Χρυσομάλλης,Χρυσομάλλης Μίλτος,ΝΔ,chrysomallism,@chrysomallism,,,,,,
Τσιλιγγίρης Γεωργίου Σπυρίδων (Σπύρος),Τσιλιγγίρης,Τσιλιγγίρης Σπύρος,ΝΔ,,@ParosMunicipal,,,,,,
Σταμενίτης Ευαγγέλου Διονύσιος,Σταμενίτης,Σταμενίτης Διονύσιος,ΝΔ,dionstamenitis,@dionstamenitis,@dionstamenitis,,,,,
Καρασμάνης Αθανασίου Γεώργιος,Καρασμάνης,Καρασμάνης Γεώργιος,ΝΔ,,@TheBenakiMuseum,,,,,,
Βασιλειάδης Νικολάου Βασίλειος (Λάκης),Βασιλειάδης,Βασιλειάδης Λάκης,ΝΔ,lakis_vas,@lakis_vas,,,,,,
Μάνη-Παπαδημητρίου Ευαγγέλου ΄Αννα,Μάνη-Παπαδημητρίου,Μάνη-Παπαδημητρίου ΄Αννα,ΝΔ,,@christina,,,,,,
Μπαραλιάκος Ελευθερίου Ξενοφών (Φώντας),Μπαραλιάκος,Μπαραλιάκος Φώντας,ΝΔ,fbaraliakos,,,,,,,
Χιονίδης Γεωργίου Σάββας,Χιονίδης,Χιονίδης Σάββας,ΝΔ,HionidisSavvas,@bjiQBV9eFQIQuVi,@HionidisSavvas,,,,,
Γιαννάκης Κωνσταντίνου Στέργιος,Γιαννάκης,Γιαννάκης Στέργιος,ΝΔ,stergiannakis,,,,,,,
Κεφαλογιάννης Αχιλλέα Ιωάννης,Κεφαλογιάννης,Κεφαλογιάννης Ιωάννης,ΝΔ,gkefalogiannis,@gkefalogiannis,@gkefalogiannis,@ciao,,,,
Στυλιανίδης Στυλιανού Ευριπίδης,Στυλιανίδης,Στυλιανίδης Ευριπίδης,ΝΔ,e_stylianidis,@e_stylianidis,,,,,,
Στεφανάδης Ισιδώρου Χριστόδουλος,Στεφανάδης,Στεφανάδης Χριστόδουλος,ΝΔ,ChStefanadis,,,,,,,
Λεονταρίδης Χρήστου Θεόφιλος,Λεονταρίδης,Λεονταρίδης Θεόφιλος,ΝΔ,The_Leontaridis,@The_Leontaridis,@The_Leontaridis,,,,,
Καραμανλής Αχιλλέα Κωνσταντίνος,Καραμανλής,Καραμανλής Κωνσταντίνος,ΝΔ,karamanlis_k,@karamanlis_k,@karamanlis_k,@K_Karamanlis,@kostakaramanlis,@idKaramanlis,,
Αραμπατζή Αθανασίου Φωτεινή,Αραμπατζή,Αραμπατζή Φωτεινή,ΝΔ,ArampatziFotini,@ArampatziFotini,@arampatzifoteini,,,,,
Χατζηβασιλείου Γεωργίου Αναστάσιος (Τάσος),Χατζηβασιλείου,Χατζηβασιλείου Τάσος,ΝΔ,tasos_chatziv,@tasos_chatziv,@opentvgr,,,,,
Λιούτας Αχιλλέως Αθανάσιος,Λιούτας,Λιούτας Αθανάσιος,ΝΔ,,@edailygr,@marixana,,,,,
Σκρέκας Θεοδώρου Κωνσταντίνος,Σκρέκας,Σκρέκας Κωνσταντίνος,ΝΔ,KostasSkrekas,@KostasSkrekas,@KostasDervos,@kanaliena904,@fortsakis,,,
Παπακώστα - Παλιούρα Δημητρίου Αικατερίνη (Κατερίνα),Παπακώστα,Παπακώστα Κατερίνα,ΝΔ,papakostakater,@kpapakosta,@kpapakosta,@papakostakater,@kpapakosta,,,
Οικονόμου Δημητρίου Ιωάννης,Οικονόμου,Οικονόμου Ιωάννης,ΝΔ,joikonomou,@CqbNqsBeyVvFe0J,@jsarakiotis,@JohanCruyff,,,,
Σταϊκούρας Κωνσταντίνου Χρήστος,Σταϊκούρας,Σταϊκούρας Χρήστος,ΝΔ,cstaikouras,@cstaikouras,@cstaikouras,,,,,
Κοτρωνιάς Νικολάου Γεώργιος,Κοτρωνιάς,Κοτρωνιάς Γεώργιος,ΝΔ,,,,,,,,
Χειμάρας Αθανασίου Θεμιστοκλής (Θέμης),Χειμάρας,Χειμάρας Θέμης,ΝΔ,T_Cheimaras,@T_Cheimaras,,,,,,
Αντωνιάδης Δημητρίου Ιωάννης,Αντωνιάδης,Αντωνιάδης Ιωάννης,ΝΔ,GIANNISFLORINA,@GIANNISFLORINA,@iantoniadis75,@iantoniadis75,,,,
Μπούγας Δημητρίου Ιωάννης,Μπούγας,Μπούγας Ιωάννης,ΝΔ,ioannis_mpougas,@ioannis_mpougas,@ioannis_mpougas,,,,,
Βαγιωνάς Κωνσταντίνου Γεώργιος,Βαγιωνάς,Βαγιωνάς Γεώργιος,ΝΔ,GVagionas,,,,,,,
Διγαλάκης Βασιλείου Βασίλειος,Διγαλάκης,Διγαλάκης Βασίλειος,ΝΔ,vdigalakis,@vdigalakis,,,,,,
Μπακογιάννη Κωνσταντίνου Θεοδώρα (Ντόρα),Μπακογιάννη,Μπακογιάννη Ντόρα,ΝΔ,Dora_Bakoyannis,@Dora_Bakoyannis,@dbakoyannis,@Dora_Bakoyannis,,,,
Βολουδάκης Γεωργίου Μανούσος - Κωνσταντίνος,Βολουδάκης,Βολουδάκης Κωνσταντίνος,ΝΔ,MVoloudakis,@DimakisNikos,@DimakisNikos,,,,,
Μηταράκης Αντωνίου Παναγιώτης (Νότης),Μηταράκης,Μηταράκης Νότης,ΝΔ,nmitarakis,@nmitarakis,@nmitarakis,@nmitarakis,,,,
Αχτσιόγλου Θεμιστοκλή Ευτυχία,Αχτσιόγλου,Αχτσιόγλου Ευτυχία,ΣΥΡΙΖΑ,E_Achtsioglou,,,,,,,
Βασιλικός Νικολάου Βασίλειος (Βασίλης),Βασιλικός,Βασιλικός Βασίλης,ΣΥΡΙΖΑ,,@vasilis_vasilikos,@MMavrikios,@CaritasEuropa,,,,
Σκουρλέτης Βασιλείου Παναγιώτης (Πάνος),Σκουρλέτης,Σκουρλέτης Πάνος,ΣΥΡΙΖΑ,pskourl,@pskourl,,,,,,
Φλαμπουράρης Γερασίμου Αλέξανδρος,Φλαμπουράρης,Φλαμπουράρης Αλέξανδρος,ΣΥΡΙΖΑ,,@AntilianKotzai,@godelitsas,@AntilianKotzai,,,,
Φίλης Αριστοτέλη Νικόλαος,Φίλης,Φίλης Νικόλαος,ΣΥΡΙΖΑ,nikosfilis1,@nikosfilis1,@ciao,@inde_news,,,,
Τζανακόπουλος Μόσχου Δημήτριος,Τζανακόπουλος,Τζανακόπουλος Δημήτριος,ΣΥΡΙΖΑ,d_tzanakopoulos,@d_tzanakopoulos,@d_tzanakopoulos,@kalimeraellada_ant1,,,,
Βερναρδάκης Δημοσθένη Χριστόφορος,Βερναρδάκης,Βερναρδάκης Χριστόφορος,ΣΥΡΙΖΑ,ChVernardakis,@ChVernardakis,@ChVernardakis,,,,,
Βούτσης Γεωργίου Νικόλαος,Βούτσης,Βούτσης Νικόλαος,ΣΥΡΙΖΑ,,@nikos_voutsis,,,,,,
Ζαχαριάδης Εμμανουήλ Κωνσταντίνος,Ζαχαριάδης,Ζαχαριάδης Κωνσταντίνος,ΣΥΡΙΖΑ,CZachariadis,@Ouinston,@aggelosview,@konmanol1,,,,
Κατρούγκαλος Στέλιου - Παναγιώτη Γεώργιος,Κατρούγκαλος,Κατρούγκαλος Γεώργιος,ΣΥΡΙΖΑ,gkatr,@GKoumoutsakos,,,,,,
Ξενογιαννακοπούλου Διονυσίου Μαρία - Ελίζα (Μαριλίζα),Ξενογιαννακοπούλου,Ξενογιαννακοπούλου Μαριλίζα,ΣΥΡΙΖΑ,marilizaxen,@MinAdminGR,,,,,,
Τσακαλώτος Στεφάνου Ευκλείδης,Τσακαλώτος,Τσακαλώτος Ευκλείδης,ΣΥΡΙΖΑ,tsakalotos,@tsakalotos,@tsakalotos,@tsakalotos,,,,
Καφαντάρη Φωτίου Χαρούλα (Χαρά),Καφαντάρη,Καφαντάρη Χαρά,ΣΥΡΙΖΑ,,,,,,,,
Παπαχριστόπουλος Θεμιστοκλή Αθανάσιος (Θανάσης),Παπαχριστόπουλος,Παπαχριστόπουλος Θανάσης,ΣΥΡΙΖΑ,PapachristTh,@PapachristTh,@PapachristTh,,,,,
Δραγασάκης Ανδρέα Ιωάννης,Δραγασάκης,Δραγασάκης Ιωάννης,ΣΥΡΙΖΑ,YDragasakis,@YDragasakis,@ύγειαΔραγασάκης,,,,,
Βίτσας Αθανασίου Δημήτριος,Βίτσας,Βίτσας Δημήτριος,ΣΥΡΙΖΑ,dimitrisvitsas,@dimitrisvitsas,@dimitrisvitsas,,,,,
Παππάς Στυλιανού Νικόλαος,Παππάς,Παππάς Νικόλαος,ΣΥΡΙΖΑ,nikospappas16,@nikospappas16,@3pfamilia,@nikospappas16,@ciao,,,
Μουζάλας Ευστράτιου Ιωάννης,Μουζάλας,Μουζάλας Ιωάννης,ΣΥΡΙΖΑ,imouzalas,@gpatoulis,,,,,,
Μπαλάφας Περικλή Ιωάννης,Μπαλάφας,Μπαλάφας Ιωάννης,ΣΥΡΙΖΑ,ybalafas,@nikospappas16,,,,,,
Φωτίου Βασιλείου Θεανώ,Φωτίου,Φωτίου Θεανώ,ΣΥΡΙΖΑ,TheanoFotiou,@TheanoFotiou,@TheanoFotiou,,,,,
Χρηστίδου Δημητρίου Ραλλία,Χρηστίδου,Χρηστίδου Ραλλία,ΣΥΡΙΖΑ,Ral_Christidou,@Ral_Christidou,@rallia_,@Ral_Christidou,,,,
Δρίτσας Παναγιώτη Θεόδωρος,Δρίτσας,Δρίτσας Θεόδωρος,ΣΥΡΙΖΑ,,@teodritsas,,,,,,
Κασιμάτη Γεωργίου Ειρήνη (Νίνα),Κασιμάτη,Κασιμάτη Νίνα,ΣΥΡΙΖΑ,ninakasimati,@ninakasimati_,@ninakasimati,@ninakasimati,,,,
Αλεξιάδης Ζαφειρίου Τρύφων,Αλεξιάδης,Αλεξιάδης Τρύφων,ΣΥΡΙΖΑ,,@tralexiadis,,,,,,
Ραγκούσης Νικολάου Ιωάννης,Ραγκούσης,Ραγκούσης Ιωάννης,ΣΥΡΙΖΑ,gragkousis,,,,,,,
Σκουρολιάκος Λουκά Παναγιώτης (Πάνος),Σκουρολιάκος,Σκουρολιάκος Πάνος,ΣΥΡΙΖΑ,PanosSkourolia1,@tJ9McRK92J51eyA,@PanosSkourolia1,,,,,
Σπίρτζης Παναγιώτη Χρήστος,Σπίρτζης,Σπίρτζης Χρήστος,ΣΥΡΙΖΑ,c_spirtzis,@c_spirtzis,@jsarakiotis,@c_spirtzis,@rallia_,@alexistsipras,@mariaapatzidi,@ethnosnewspaper
Αθανασίου Ευθυμίου Αθανάσιος (Νάσος),Αθανασίου,Αθανασίου Νάσος,ΣΥΡΙΖΑ,nasosa8anasiou,@nasosa8anasiou,@nasosa8anasiou,@Cursed_hs,,,,
Τσίπρας Ηρακλή Γεώργιος,Τσίπρας,Τσίπρας Γεώργιος,ΣΥΡΙΖΑ,giorgostsipras,@giorgostsipras,@giorgostsipras,@GiorgosKyrtsos,,,,
Βαρεμένος Βασιλείου Γεώργιος,Βαρεμένος,Βαρεμένος Γεώργιος,ΣΥΡΙΖΑ,GVaremenos,@GVaremenos,@GVaremenos,,,,,
Μωραΐτης Χρήστου Αθανάσιος (Θάνος),Μωραΐτης,Μωραΐτης Θάνος,ΣΥΡΙΖΑ,thanos_moraitis,@thanos_moraitis,@moraitis_thanos,@thanos_moraitis,,,,
Γκιόλας Δημητρίου Ιωάννης,Γκιόλας,Γκιόλας Ιωάννης,ΣΥΡΙΖΑ,,,,,,,,
Παπαηλιού Ηλία Γεώργιος,Παπαηλιού,Παπαηλιού Γεώργιος,ΣΥΡΙΖΑ,,,,,,,,
Γεροβασίλη Βασιλείου Όλγα,Γεροβασίλη,Γεροβασίλη Όλγα,ΣΥΡΙΖΑ,olgagerovasili,@olgagerovasili,@olgagerovasili,,,,,
Αναγνωστοπούλου Πέτρου Αθανασία (Σία),Αναγνωστοπούλου,Αναγνωστοπούλου Σία,ΣΥΡΙΖΑ,sia_anag,@sia_anag,@sia_anag,,,,,
Μάρκου Βασιλείου Κωνσταντίνος,Μάρκου,Μάρκου Κωνσταντίνος,ΣΥΡΙΖΑ,,@emiliosmarku,@geomarkou1,@costas,@α,,,
Τσίπρας Παύλου Αλέξιος,Τσίπρας,Τσίπρας Αλέξιος,ΣΥΡΙΖΑ,atsipras,,,,,,,
Πούλου Λεωνίδα Παναγιού (Γιώτα),Πούλου,Πούλου Γιώτα,ΣΥΡΙΖΑ,GIOTAPOULOU,@dimoslevadewn,,,,,,
Ξανθόπουλος Σάββα Θεόφιλος,Ξανθόπουλος,Ξανθόπουλος Θεόφιλος,ΣΥΡΙΖΑ,Xanthopoulosth,@Xanthopoulosth,,,,,,
Σαντορινιός Κωνσταντίνου Νεκτάριος,Σαντορινιός,Σαντορινιός Νεκτάριος,ΣΥΡΙΖΑ,nectarsant,@nectarsant,@nectarsant,,,,,
Γκαρά Γεωργίου Αναστασία (Νατάσα),Γκαρά,Γκαρά Νατάσα,ΣΥΡΙΖΑ,NatasaGkara,@NatasaGkara,@NatasaGkara,,,,,
Αποστόλου Δημητρίου Ευάγγελος,Αποστόλου,Αποστόλου Ευάγγελος,ΣΥΡΙΖΑ,vag_apos,@vag_apos,@vag_apos,,,,,
Χατζηγιαννάκης Ευαγγέλου Μιλτιάδης,Χατζηγιαννάκης,Χατζηγιαννάκης Μιλτιάδης,ΣΥΡΙΖΑ,,@miltoschatzigiannakis,,,,,,
Καλαματιανός Χρήστου Διονύσιος-Χαράλαμπος,Καλαματιανός,Καλαματιανός Διονύσιος-Χαράλαμπος,ΣΥΡΙΖΑ,dckalamatianos,,,,,,,
Καρασαρλίδου Γεωργίου Ευφροσύνη (Φρόσω),Καρασαρλίδου,Καρασαρλίδου Φρόσω,ΣΥΡΙΖΑ,FKarasarlidou,,,,,,,
Ηγουμενίδης Εμμανουήλ Νικόλαος,Ηγουμενίδης,Ηγουμενίδης Νικόλαος,ΣΥΡΙΖΑ,IgoumenidisN,,,,,,,
Βαρδάκης Δημητρίου Σωκράτης,Βαρδάκης,Βαρδάκης Σωκράτης,ΣΥΡΙΖΑ,sokrvardakis,@sokrvardakis,@sokrvardakis,,,,,
Μαμουλάκης Αντωνίου Χαράλαμπος (Χάρης),Μαμουλάκης,Μαμουλάκης Χάρης,ΣΥΡΙΖΑ,Mamoulakis,@Mamoulakis,@Mamoulakis,,,,,
Κάτσης Σπυρίδωνος Μάριος,Κάτσης,Κάτσης Μάριος,ΣΥΡΙΖΑ,marios_katsis,@marios_katsis,,,,,,
Ζουράρης Γεωργίου Κωνσταντίνος,Ζουράρης,Ζουράρης Κωνσταντίνος,ΣΥΡΙΖΑ,,@zouraris,@dimitris_takis,,,,,
Γιαννούλης Ιωάννη Χρήστος,Γιαννούλης,Γιαννούλης Χρήστος,ΣΥΡΙΖΑ,giannoul,@giannoul,@xristosgiannoulis,@giannoul,@christosgiannoulis_,,,
Αμανατίδης Γεωργίου Ιωάννης,Αμανατίδης,Αμανατίδης Ιωάννης,ΣΥΡΙΖΑ,amanatidis_gian,@Amanatidis_Gian,@retrospecteur,,,,,
Νοτοπούλου Παναγιώτη Αικατερίνη (Κατερίνα),Νοτοπούλου,Νοτοπούλου Κατερίνα,ΣΥΡΙΖΑ,katenotopoulou,@katenotopoulou,@notopoulou_katerina,@katenotopoulou,,,,
Τριανταφυλλίδης Γεωργίου Αλέξανδρος (Αλέκος),Τριανταφυλλίδης,Τριανταφυλλίδης Αλέκος,ΣΥΡΙΖΑ,tr_alexandros,@tr_alexandros,,,,,,
Φάμελλος Πέτρου Σωκράτης,Φάμελλος,Φάμελλος Σωκράτης,ΣΥΡΙΖΑ,sfamellos,@SFamellos,@SFamellos,,,,,
Αυγέρη Πέτρου Θεοδώρα (Δώρα),Αυγέρη,Αυγέρη Δώρα,ΣΥΡΙΖΑ,davgeri,@davgeri,@davgeri,,,,,
Τζούφη Στεφάνου Μερόπη,Τζούφη,Τζούφη Μερόπη,ΣΥΡΙΖΑ,meropitzoufi,@meropitzoufi,,,,,,
Ελευθεριάδου Παύλου Σουλτάνα,Ελευθεριάδου,Ελευθεριάδου Σουλτάνα,ΣΥΡΙΖΑ,teleftheriadou,@teleftheriadou,,,,,,
Λάππας Ευαγγέλου Σπυρίδωνας,Λάππας,Λάππας Σπυρίδωνας,ΣΥΡΙΖΑ,spyroslappas1,,,,,,,
Τελιγιορίδου Ιωάννη Ολυμπία,Τελιγιορίδου,Τελιγιορίδου Ολυμπία,ΣΥΡΙΖΑ,teligioridou,@teligioridou,,,,,,
Αυλωνίτης Νικολάου Αλέξανδρος - Χρήστος,Αυλωνίτης,Αυλωνίτης Χρήστος,ΣΥΡΙΖΑ,a_avlonitis,,,,,,,
Αγαθοπούλου Δημητρίου Ειρήνη-Ελένη,Αγαθοπούλου,Αγαθοπούλου Ειρήνη-Ελένη,ΣΥΡΙΖΑ,iriniagath,@iriniagath,@iriniagath,,,,,
Βέτα Δημητρίου Καλλιόπη,Βέτα,Βέτα Καλλιόπη,ΣΥΡΙΖΑ,,,,,,,,
Ψυχογιός Κωνσταντίνου Γεώργιος,Ψυχογιός,Ψυχογιός Γεώργιος,ΣΥΡΙΖΑ,g_psychogios,@Geo_Psychogios,@g_psychogios,@korres,,,,
Συρμαλένιος Ευαγγέλου Νικόλαος,Συρμαλένιος,Συρμαλένιος Νικόλαος,ΣΥΡΙΖΑ,syrmal2000,,,,,,,
Αραχωβίτης Γεωργίου Σταύρος,Αραχωβίτης,Αραχωβίτης Σταύρος,ΣΥΡΙΖΑ,,@Laconialive,,,,,,
Βαγενά Κηλαηδόνη χήρα Λουκιανού Άννα,Βαγενά,Βαγενά Άννα,ΣΥΡΙΖΑ,annavayena,@annavayena,,,,,,
Κόκκαλης Κωνσταντίνου Βασίλειος,Κόκκαλης,Κόκκαλης Βασίλειος,ΣΥΡΙΖΑ,vasiliskokkalhs,@VASILISKOKKALHS,@VASILISKOKKALHS,,,,,
Θραψανιώτης Μιχαήλ Εμμανουήλ,Θραψανιώτης,Θραψανιώτης Εμμανουήλ,ΣΥΡΙΖΑ,,,,,,,,
Μπουρνούς Δημητρίου Ιωάννης,Μπουρνούς,Μπουρνούς Ιωάννης,ΣΥΡΙΖΑ,alterglobal,@alterglobal,@MylopYannis,,,,,
Μεϊκόπουλος Μιχαήλ Αλέξανδρος,Μεϊκόπουλος,Μεϊκόπουλος Αλέξανδρος,ΣΥΡΙΖΑ,A_Meikopoulos,,,,,,,
Παπανάτσιου Στέργιου Αικατερίνη,Παπανάτσιου,Παπανάτσιου Αικατερίνη,ΣΥΡΙΖΑ,,,,,,,,
Χαρίτσης Βύρωνα Αλέξανδρος (Αλέξης),Χαρίτσης,Χαρίτσης Αλέξης,ΣΥΡΙΖΑ,alexischaritsis,@alexischaritsis,@alexischaritsis,@alexischaritsis,@alexistsipras,@rallia_,,
Ζεϊμπέκ Χασάν Χουσεϊν,Ζεϊμπέκ,Ζεϊμπέκ Χουσεϊν,ΣΥΡΙΖΑ,ZeybekHuseyin,,,,,,,
Τζάκρη Εμμανουήλ Θεοδώρα,Τζάκρη,Τζάκρη Θεοδώρα,ΣΥΡΙΖΑ,tzakri,@tzakri,@rallia_,,,,,
Σκούφα Δημητρίου Ελισσάβετ (Μπέττυ),Σκούφα,Σκούφα Μπέττυ,ΣΥΡΙΖΑ,BSkoufa,@mainandros,,,,,,
Μπάρκας Θεοφάνη Κωνσταντίνος,Μπάρκας,Μπάρκας Κωνσταντίνος,ΣΥΡΙΖΑ,kostasbarkas,@kostasbarkas,@kostasbarkas,@ciao,@pkonstantineas7,,,
Ξανθός Γεωργίου Ανδρέας,Ξανθός,Ξανθός Ανδρέας,ΣΥΡΙΖΑ,andreasxanthos,@andreasxanthos,@andreasxanthos,@syriza,,,,
Χαρίτου Αθανασίου Δημήτριος (Τάκης),Χαρίτου,Χαρίτου Τάκης,ΣΥΡΙΖΑ,,,,,,,,
Αβραμάκης Αντωνίου Ελευθέριος,Αβραμάκης,Αβραμάκης Ελευθέριος,ΣΥΡΙΖΑ,,,,,,,,
Παπαδόπουλος Αποστόλου Αθανάσιος (Σάκης),Παπαδόπουλος,Παπαδόπουλος Σάκης,ΣΥΡΙΖΑ,sakis_papad,@spiros_papadopoulos_official,@eirini_papadopoulou,@natasatheodoridou,,,,
Σαρακιώτης Αθανασίου Ιωάννης,Σαρακιώτης,Σαρακιώτης Ιωάννης,ΣΥΡΙΖΑ,jsarakiotis,@JSarakiotis,@JSarakiotis,@jsarakiotis,,,,
Πέρκα Χαράλαμπου Θεοπίστη (Πέτη),Πέρκα,Πέρκα Πέτη,ΣΥΡΙΖΑ,PetiPerka,,,,,,,
Μάλαμα Ιωάννη Κυριακή,Μάλαμα,Μάλαμα Κυριακή,ΣΥΡΙΖΑ,KiriakiMalama,@KiriakiMalama,,,,,,
Πολάκης Πέτρου Παύλος,Πολάκης,Πολάκης Παύλος,ΣΥΡΙΖΑ,pavpol2222,@pavpol2222,,,,,,
Μιχαηλίδης Φραγκούλη Ανδρέας,Μιχαηλίδης,Μιχαηλίδης Ανδρέας,ΣΥΡΙΖΑ,,@michaelidesa,,,,,,
