Name (Long),Surname,Name,Party,Twitter Handle,Result 1,Result 2,Result 3,Result 4,Result 5,Result 6,Result 7,Result 8
Βιλιάρδος Διονυσίου Βασίλειος,Βιλιάρδος,Βιλιάρδος Βασίλειος,ΕΛΛΗΝΙΚΗ ΛΥΣΗ,ViliardosV,@ViliardosV,@ViliardosV,,,,,,
Αλεξοπούλου Κωνσταντίνου Αναστασία - Αικατερίνη,Αλεξοπούλου,Αλεξοπούλου Αικατερίνη,ΕΛΛΗΝΙΚΗ ΛΥΣΗ,anaik2020,@anaik2020,@kkroonenberg,@djnikas,,,,,
Αθανασίου Ευαγγέλου Μαρία,Αθανασίου,Αθανασίου Μαρία,ΕΛΛΗΝΙΚΗ ΛΥΣΗ,MariaAt03902914,@mariaathanasiou,@athanasiou_marios,@45b1584e2f7d481,@athinadi,@hotelthesantamaria,,,
Βαγενάς Κωνσταντίνου Δημήτριος,Βαγενάς,Βαγενάς Δημήτριος,ΕΛΛΗΝΙΚΗ ΛΥΣΗ,B3Vagenas,@DimitriosVagen1,,,,,,,
Ασημακοπούλου Δημητρίου Σοφία - Χάιδω,Ασημακοπούλου,Ασημακοπούλου Χάιδω,ΕΛΛΗΝΙΚΗ ΛΥΣΗ,SofAsimak,@eri__valentina,@village_gr,,,,,,
Μυλωνάκης Αντωνίου Αντώνιος,Μυλωνάκης,Μυλωνάκης Αντώνιος,ΕΛΛΗΝΙΚΗ ΛΥΣΗ,AntMylonakis,@AntMylonakis,,,,,,,
Αβδελάς Κωνσταντίνου Απόστολος,Αβδελάς,Αβδελάς Απόστολος,ΕΛΛΗΝΙΚΗ ΛΥΣΗ,avdelas_ap,,,,,,,,
Χητάς Αχιλλέως Κωνσταντίνος,Χητάς,Χητάς Κωνσταντίνος,ΕΛΛΗΝΙΚΗ ΛΥΣΗ,chitaskostas,,,,,,,,
Βελόπουλος Ιωσήφ Κυριάκος,Βελόπουλος,Βελόπουλος Κυριάκος,ΕΛΛΗΝΙΚΗ ΛΥΣΗ,velopky,@velopky,@kyriakos_,,,,,,
Μπούμπας Ιωάννη Κωνσταντίνος,Μπούμπας,Μπούμπας Κωνσταντίνος,ΕΛΛΗΝΙΚΗ ΛΥΣΗ,kostasmpoumpas,@RheumHippo,,,,,,,
Αρβανιτίδης Πέτρου Γεώργιος,Αρβανιτίδης,Αρβανιτίδης Γεώργιος,ΚΙΝΑΛ,Arvanitidis_Geo,@arvanitg,,,,,,,
Αχμέτ Σαμπρή Ιλχάν,Αχμέτ,Αχμέτ Ιλχάν,ΚΙΝΑΛ,ilhanahmet,@ILHANAHMET,,,,,,,
Γεννηματά Γεωργίου Φωτεινή (Φώφη),Γεννηματά,Γεννηματά Φώφη,ΚΙΝΑΛ,FofiGennimata,@FofiGennimata,@fofigennimata,,,,,,
Γιαννακοπούλου Ιωάννη Κωνσταντίνα (Νάντια),Γιαννακοπούλου,Γιαννακοπούλου Νάντια,ΚΙΝΑΛ,ngiannakopoulou,@ngiannakopoulou,@ngiannakopoulou,@ngiannakopoulou,@NadiaGiannak,,,,
Γκόκας Ναπολέοντα Χρήστος,Γκόκας,Γκόκας Χρήστος,ΚΙΝΑΛ,,,,,,,,,
Καμίνης Βασιλείου Γεώργιος,Καμίνης,Καμίνης Γεώργιος,ΚΙΝΑΛ,KaminisG,@KaminisG,@STGEUI,@KontraChannel,@MegaTvOfficial,,,,
Καστανίδης Γεωργίου Χαράλαμπος,Καστανίδης,Καστανίδης Χαράλαμπος,ΚΙΝΑΛ,KastanidisHaris,,,,,,,,
Κατρίνης Ιωάννη Μιχαήλ,Κατρίνης,Κατρίνης Μιχαήλ,ΚΙΝΑΛ,michaelkatrinis,@gorgikrlev,@alternativearch,@staehlekarine,,,,,
Κεγκέρογλου Αλεξάνδρου Βασίλειος,Κεγκέρογλου,Κεγκέρογλου Βασίλειος,ΚΙΝΑΛ,bkegeroglou,,,,,,,,
Κεφαλίδου Δημητρίου Χαρούλα (Χαρά),Κεφαλίδου,Κεφαλίδου Χαρά,ΚΙΝΑΛ,xarakefalidou,@GKefalidou,,,,,,,
Κωνσταντινόπουλος Κωνσταντίνου Οδυσσέας,Κωνσταντινόπουλος,Κωνσταντινόπουλος Οδυσσέας,ΚΙΝΑΛ,Odysseas_,@konstantinopoulosa,@Odysseas_,,,,,,
Κωνσταντόπουλος Χρήστου Δημήτριος,Κωνσταντόπουλος,Κωνσταντόπουλος Δημήτριος,ΚΙΝΑΛ,dkonstantop,@Dimster23,,,,,,,
Λιακούλη Θεοφάνη Ευαγγελία,Λιακούλη,Λιακούλη Ευαγγελία,ΚΙΝΑΛ,p1l1sulLrVED8tt,,,,,,,,
Λοβέρδος Νικολάου Ανδρέας,Λοβέρδος,Λοβέρδος Ανδρέας,ΚΙΝΑΛ,a_loverdos,@a_loverdos,@EvaKaili,,,,,,
Μουλκιώτης Βασιλείου Γεώργιος,Μουλκιώτης,Μουλκιώτης Γεώργιος,ΚΙΝΑΛ,GMoulkiotis,,,,,,,,
Μπαράν Νετζαντή Μπουρχάν,Μπαράν,Μπαράν Μπουρχάν,ΚΙΝΑΛ,BurhanBaranDr,,,,,,,,
Μπιάγκης Σπυρίδωνος Δημήτριος,Μπιάγκης,Μπιάγκης Δημήτριος,ΚΙΝΑΛ,dimitrisbiagkis,,,,,,,,
Πανάς Νικολάου Απόστολος,Πανάς,Πανάς Απόστολος,ΚΙΝΑΛ,PanasApostolos,@Antonis_Panas,@PanasApostolos,,,,,,
Παπανδρέου Ανδρέα Γεώργιος,Παπανδρέου,Παπανδρέου Γεώργιος,ΚΙΝΑΛ,GPapandreou,@GPapandreou,@gpapak,@GSarros,,,,,
Πουλάς Θεοδοσίου Ανδρέας,Πουλάς,Πουλάς Ανδρέας,ΚΙΝΑΛ,AndreasPoulas,@AndreasPoulas,@paulodybala,@dannapaola,,,,,
Σκανδαλίδης Γεωργίου Κωνσταντίνος,Σκανδαλίδης,Σκανδαλίδης Κωνσταντίνος,ΚΙΝΑΛ,KSkandalidis,@KSkandalidis,,,,,,,
Φραγγίδης Σταύρου Γεώργιος,Φραγγίδης,Φραγγίδης Γεώργιος,ΚΙΝΑΛ,FragidisGeorge,,,,,,,,
Γκιόκας Χρήστου Ιωάννης,Γκιόκας,Γκιόκας Ιωάννης,ΚΚΕ,,,,,,,,,
Δελής Ιωάννη Ιωάννης,Δελής,Δελής Ιωάννης,ΚΚΕ,,@PalvaLab,@Prodigalson2025,@PalvaLab,@SDeli7,,,,
Κανέλλη Χρήστου Γαρυφαλλιά (Λιάνα),Κανέλλη,Κανέλλη Λιάνα,ΚΚΕ,,@liana,,,,,,,
Καραθανασόπουλος Πέτρου Νικόλαος,Καραθανασόπουλος,Καραθανασόπουλος Νικόλαος,ΚΚΕ,,@NikosKarathana3,,,,,,,
Κατσώτης Περικλή Χρήστος,Κατσώτης,Κατσώτης Χρήστος,ΚΚΕ,,,,,,,,,
Κομνηνάκα Αποστόλου Μαρία,Κομνηνάκα,Κομνηνάκα Μαρία,ΚΚΕ,,,,,,,,,
Κουτσούμπας Αποστόλου Δημήτριος,Κουτσούμπας,Κουτσούμπας Δημήτριος,ΚΚΕ,,,,,,,,,
Λαμπρούλης Αριστείδη Γεώργιος,Λαμπρούλης,Λαμπρούλης Γεώργιος,ΚΚΕ,,,,,,,,,
Μανωλάκου Εμμανουήλ Διαμάντω,Μανωλάκου,Μανωλάκου Διαμάντω,ΚΚΕ,,,,,,,,,
Μαρίνος Βασιλείου Γεώργιος,Μαρίνος,Μαρίνος Γεώργιος,ΚΚΕ,,@LouisMarinos,@IP_sport,@STGEUI,@koharannie,,,,
Παπαναστάσης Αθανασίου Νικόλαος,Παπαναστάσης,Παπαναστάσης Νικόλαος,ΚΚΕ,,,,,,,,,
Παπαρήγα Νικολάου Αλεξάνδρα,Παπαρήγα,Παπαρήγα Αλεξάνδρα,ΚΚΕ,,,,,,,,,
Παφίλης Σπυρίδωνος Αθανάσιος,Παφίλης,Παφίλης Αθανάσιος,ΚΚΕ,,,,,,,,,
Στολτίδης Δημητρίου Λεωνίδας,Στολτίδης,Στολτίδης Λεωνίδας,ΚΚΕ,,,,,,,,,
Συντυχάκης Δανιήλ Εμμανουήλ,Συντυχάκης,Συντυχάκης Εμμανουήλ,ΚΚΕ,,,,,,,,,
Αδαμοπούλου Αθανασίου Αγγελική,Αδαμοπούλου,Αδαμοπούλου Αγγελική,ΜέΡΑ25,,@aggelikiad50,,,,,,,
Αδάμου Στεργίου Κωνσταντίνα,Αδάμου,Αδάμου Κωνσταντίνα,ΜέΡΑ25,konstantinaada1,@KonstantinaAda1,@antonella,@itskalomira,,,,,
Απατζίδη Κυρίλλου Μαρία,Απατζίδη,Απατζίδη Μαρία,ΜέΡΑ25,ApatzidiM,@mariaapatzidi,,,,,,,
Βαρουφάκης Γεωργίου Ιωάννης (Γιάνης),Βαρουφάκης,Βαρουφάκης Γιάνης,ΜέΡΑ25,yanisvaroufakis,@yanisvaroufakis,@yanisvaroufakis,@yanisvaroufakis,,,,,
Λογιάδης Σοφοκλή - Εμμανουήλ Γεώργιος,Λογιάδης,Λογιάδης Γεώργιος,ΜέΡΑ25,GeorgeLogiadis,@GeorgeLogiadis,@mera25_gr,@kontogior,,,,,
Μπακαδήμα Αγαθοκλή Φωτεινή,Μπακαδήμα,Μπακαδήμα Φωτεινή,ΜέΡΑ25,fbakadima,@bakadima_fotini,@fbakadima,@fbakadima,@mera25_gr,,,,
Αρσένης Δημοκράτη Κρίτων - Ηλίας,Αρσένης,Αρσένης Ηλίας,ΜέΡΑ25,karsenis,@itsakalis,@Irenebarca,,,,,,
Γρηγοριάδης Γεωργίου Κλέων,Γρηγοριάδης,Γρηγοριάδης Κλέων,ΜέΡΑ25,,@mera25_gr,,,,,,,
Σακοράφα Ηλία Σοφία,Σακοράφα,Σακοράφα Σοφία,ΜέΡΑ25,SofiaSakorafa,@PARLACEN,@jaalvaradoc,@SofiaSakorafa,,,,,
Γεραπετρίτης Βασιλείου Γεώργιος,Γεραπετρίτης,Γεραπετρίτης Γεώργιος,ΝΔ,,@geogerap,,,,,,,
Γιαννάκου Παναγιώτη Μαριορή (Μαριέττα),Γιαννάκου,Γιαννάκου Μαριέττα,ΝΔ,m_giannakou,@m_giannakou,@m_giannakou,,,,,,
Θεοδωρικάκος Δημητρίου Παναγιώτης (Τάκης),Θεοδωρικάκος,Θεοδωρικάκος Τάκης,ΝΔ,theodorikakosp,@TakisUSA,@takistheodorikakos,@theodorikakosp,@kympouropoulos,,,,
Πικραμμένος Όθωνος Παναγιώτης,Πικραμμένος,Πικραμμένος Παναγιώτης,ΝΔ,,@panagiotispikramenos,,,,,,,
Ταραντίλης Δημητρίου Χρήστος,Ταραντίλης,Ταραντίλης Χρήστος,ΝΔ,xtarantilis,,,,,,,,
Συρίγος Ματθαίου Ευάγγελος (Άγγελος),Συρίγος,Συρίγος Άγγελος,ΝΔ,angelossyrigos,@AngelosSyrigos,@angelossyrigos,@kympouropoulos,@AngelosSyrigos,@nkerameus,,,
Πιπιλή Ανδρέα Φωτεινή,Πιπιλή,Πιπιλή Φωτεινή,ΝΔ,FotiniPipili,@FotiniPipili,,,,,,,
Μπογδάνος Σπυρίδωνος Κωνσταντίνος,Μπογδάνος,Μπογδάνος Κωνσταντίνος,ΝΔ,bogdanosk,@constantinosbogdanos,@bogdanosk,@kyriakos_,@bogdanosk,@kostasbakoyannis,,,
Κακλαμάνης Μιχαήλ Νικήτας,Κακλαμάνης,Κακλαμάνης Νικήτας,ΝΔ,NKaklamanis,,,,,,,,
Κεφαλογιάννη Ιωάννη Όλγα,Κεφαλογιάννη,Κεφαλογιάννη Όλγα,ΝΔ,olgakef,@olgakefalogianni,@olgakef,@olgakef,,,,,
Κικίλιας Παναγιώτη Βασίλειος,Κικίλιας,Κικίλιας Βασίλειος,ΝΔ,Vkikilias,@Vkikilias,@vkikilias,,,,,,
Πλεύρης Κωνσταντίνου Αθανάσιος,Πλεύρης,Πλεύρης Αθανάσιος,ΝΔ,thanosplevris,@thanosplevris,@thanosplevris,,,,,,
Ράπτη Γεωργίου Ζωή,Ράπτη,Ράπτη Ζωή,ΝΔ,raptizoi,@raptizoi,@ioannakalog,@a,@rapti,@katerinarapti1,,,
Ρουσόπουλος Βασιλείου Θεόδωρος,Ρουσόπουλος,Ρουσόπουλος Θεόδωρος,ΝΔ,RoussopoulosTh,@roussopoulosth,@nitra_gallery,,,,,,
Κουμουτσάκος Σπυρίδωνος Γεώργιος,Κουμουτσάκος,Κουμουτσάκος Γεώργιος,ΝΔ,GKoumoutsakos,@GKoumoutsakos,@georgios_rigas,@StateDept,,,,,
Κεραμέως Κωνσταντίνου Νίκη,Κεραμέως,Κεραμέως Νίκη,ΝΔ,nkerameus,@nkerameus,@nkerameus,@UMassPolicy,,,,,
Καιρίδης Κωνσταντίνου Δημήτριος,Καιρίδης,Καιρίδης Δημήτριος,ΝΔ,DimKairidis,@DimKairidis,@DimKairidis,,,,,,
Γεωργιάδης Αθανασίου Σπυρίδων - Άδωνις,Γεωργιάδης,Γεωργιάδης Άδωνις,ΝΔ,AdonisGeorgiadi,@AdonisGeorgiadi,@Andrew_Adonis,,,,,,
Χατζηδάκης Ιωάννη Κωνσταντίνος (Κωστής),Χατζηδάκης,Χατζηδάκης Κωστής,ΝΔ,K_Hatzidakis,@K_Hatzidakis,@kostis_hatzidakis,@K_Hatzidakis,,,,,
Βαρβιτσιώτης Ιωάννη Μιλτιάδης,Βαρβιτσιώτης,Βαρβιτσιώτης Μιλτιάδης,ΝΔ,MVarvitsiotis,@MVarvitsiotis,@miltiadisvarvitsiotis,,,,,,
Λοβέρδος Πέτρου Ιωάννης - Μιχαήλ (Γιάννης),Λοβέρδος,Λοβέρδος Γιάννης,ΝΔ,YiannisLoverdos,@YiannisLoverdos,@LOVERDOSGIANNIS,@a_loverdos,@voularinos,@man_chr_,@androulakisnick,,
Μητσοτάκης Κωνσταντίνου Κυριάκος,Μητσοτάκης,Μητσοτάκης Κυριάκος,ΝΔ,kmitsotakis,@kmitsotakis,@kyriakos_,@RTErdogan,@PrimeministerGR,@marevagrabowskimitsotaki,,,
Κυρανάκης Ιωάννη - Παναγιώτη Κωνσταντίνος,Κυρανάκης,Κυρανάκης Κωνσταντίνος,ΝΔ,kyranakis,@kyranakis,@kyranakis,,,,,,
Παπαδημητρίου Αθανασίου Χαράλαμπος (Μπάμπης),Παπαδημητρίου,Παπαδημητρίου Μπάμπης,ΝΔ,babis2019,@babis2019,,,,,,,
Σπανάκης Νικολάου Βασίλειος - Πέτρος,Σπανάκης,Σπανάκης Πέτρος,ΝΔ,vspanakis,@vspanakis,,,,,,,
Δένδιας Σπυρίδωνος Νικόλαος - Γεώργιος,Δένδιας,Δένδιας Γεώργιος,ΝΔ,NikosDendias,@kympouropoulos,@abdulla_shahid,,,,,,
Βούλτεψη Ιωάννη Σοφία,Βούλτεψη,Βούλτεψη Σοφία,ΝΔ,sofia_voultepsi,@Sofia_voultepsi,,,,,,,
Καλλιάνος Δημητρίου Ιωάννης,Καλλιάνος,Καλλιάνος Ιωάννης,ΝΔ,kallianos,,,,,,,,
Καραμανλή Αρκαδίου Άννα,Καραμανλή,Καραμανλή Άννα,ΝΔ,annakaramanli,@AnnaKaramanli,@anna_michelle_nd,@AnnaKaramanli,@kympouropoulos,@a,@nkerameus,,
Θεοχάρης Αθανασίου Θεοχάρης (Χάρης),Θεοχάρης,Θεοχάρης Χάρης,ΝΔ,htheoharis,@A_DeputyChief,@htheoharis,,,,,,
Χατζηδάκης Διονυσίου Διονύσιος,Χατζηδάκης,Χατζηδάκης Διονύσιος,ΝΔ,,,,,,,,,
Δούνια Δημητρίου Παναγιώτα (Νόνη),Δούνια,Δούνια Νόνη,ΝΔ,NoniDounia,@NoniDounia,@NoniDounia,@tsapanidou,@nataliadragoumi,@TommyHilfiger,@sofia_zacharaki,,
Κατσαφάδος Ιωάννη Κωνσταντίνος,Κατσαφάδος,Κατσαφάδος Κωνσταντίνος,ΝΔ,katsafados,,,,,,,,
Μπουτσικάκης Ιωάννη Χριστόφορος - Εμμανουήλ,Μπουτσικάκης,Μπουτσικάκης Εμμανουήλ,ΝΔ,BoutsikakisChr,,,,,,,,
Μελάς Παναγιώτη Ιωάννης,Μελάς,Μελάς Ιωάννης,ΝΔ,yiannismelas,@melakosontwit,@EY_TMT,@konmelas,,,,,
Μανωλάκος Πέτρου Νικόλαος,Μανωλάκος,Μανωλάκος Νικόλαος,ΝΔ,manolakosnik,@aeginaportal,,,,,,,
Μαρκόπουλος Κωνσταντίνου Δημήτριος,Μαρκόπουλος,Μαρκόπουλος Δημήτριος,ΝΔ,markopoulosdimi,@MarkopoulosDimi,@MarkopoulosDimi,@gmark0poulos,,,,,
Τραγάκης Παναγιώτη Ιωάννης,Τραγάκης,Τραγάκης Ιωάννης,ΝΔ,,,,,,,,,
Μαρτίνου Αθανασίου Γεωργία,Μαρτίνου,Μαρτίνου Γεωργία,ΝΔ,GeorgiaMartinou,@GeorgiaMartinou,@jojomartinou,,,,,,
Οικονόμου Αθανασίου Βασίλειος,Οικονόμου,Οικονόμου Βασίλειος,ΝΔ,OikonomouVasili,@V_Oikonomou,@OikonomouVasili,@vasilis_kekatos,@vassilistsigkristaris,,,,
Βλάχος Θεοδώρου Γεώργιος,Βλάχος,Βλάχος Γεώργιος,ΝΔ,Vlachos_G,@GeorgiosVla,@sergey_nog,@alexandraxron,,,,,
Βορίδης Χρήστου Μαυρουδής (Μάκης),Βορίδης,Βορίδης Μάκης,ΝΔ,MakisVoridis,@MakisVoridis,@MakisVoridis,@MakisVoridis,@parapolitika901,,,,
Μπούρας Κωνσταντίνου Αθανάσιος,Μπούρας,Μπούρας Αθανάσιος,ΝΔ,athbouras,@angelosbouras,,,,,,,
Κώτσηρας Αναστασίου Γεώργιος,Κώτσηρας,Κώτσηρας Γεώργιος,ΝΔ,giorgoskotsiras,@george,@LGR1033,@giorgosvr1,,,,,
Λιάκος Γεωργίου Ευάγγελος,Λιάκος,Λιάκος Ευάγγελος,ΝΔ,liakosev,@AlbaCareers,,,,,,,
Λιβανός Διονυσίου Σπυρίδωνας-Παναγιώτης (Σπήλιος),Λιβανός,Λιβανός Σπήλιος,ΝΔ,SpiliosL,@SpiliosL,@spilioslivanos,@SpiliosL,,,,,
Σαλμάς Γεωργίου Μάριος,Σαλμάς,Σαλμάς Μάριος,ΝΔ,salmasmarios,@SalmasMarios,@mariolopez,@MarioDAngelo,@officialdannytrejo,,,,
Καραγκούνης Ανδρέα Κωνσταντίνος,Καραγκούνης,Καραγκούνης Κωνσταντίνος,ΝΔ,k_karagounis,@k_karagounis,@k_karagounis,@mitoo44,@dora_panteli_,,,,
Ανδριανός Σωτηρίου Ιωάννης,Ανδριανός,Ανδριανός Ιωάννης,ΝΔ,,@jcollinsmd77,@PAK4MomAndBaby,@GAwraam,,,,,
Βλάσης Γεωργίου Κωνσταντίνος,Βλάσης,Βλάσης Κωνσταντίνος,ΝΔ,KostasVlasis,@KostasVlasis,@KostasVlasis,@VlasisOikonomo1,,,,,
Στύλιος Δημοσθένη Γεώργιος,Στύλιος,Στύλιος Γεώργιος,ΝΔ,gstylios,,,,,,,,
Αλεξοπούλου Μιχαήλ Χριστίνα,Αλεξοπούλου,Αλεξοπούλου Χριστίνα,ΝΔ,xrisalex,@christina,@alexopoulouGyn,@xrisalex,,,,,
Κατσανιώτης Ιωάννη Ανδρέας,Κατσανιώτης,Κατσανιώτης Ανδρέας,ΝΔ,katsaniotis,@katsaniotis,,,,,,,
Τσιγκρής Αντωνίου Άγγελος,Τσιγκρής,Τσιγκρής Άγγελος,ΝΔ,tsigris_angelos,@thanoskanganis,,,,,,,
Φωτήλας Ασημάκη Ιάσων,Φωτήλας,Φωτήλας Ιάσων,ΝΔ,IasonFotilas,@liza_tuktik,,,,,,,
Κουτσούμπας Βασιλείου Ανδρέας,Κουτσούμπας,Κουτσούμπας Ανδρέας,ΝΔ,kutsubad,@MyriaKoutsoumpa,,,,,,,
Πάτσης Κωνσταντίνου Ανδρέας,Πάτσης,Πάτσης Ανδρέας,ΝΔ,patsis_andreas,@patsis_andreas,@patsis_andreas,,,,,,
Μπλούχος Δημητρίου Κωνσταντίνος,Μπλούχος,Μπλούχος Κωνσταντίνος,ΝΔ,blouchosdrama,,,,,,,,
Παππάς Κωνσταντίνου Ιωάννης,Παππάς,Παππάς Ιωάννης,ΝΔ,pappas_ioannis,@JohnPappas10,@LongLiveThanos,@yannispappas,@3pfamilia,@JohnPappas10,@LongLiveThanos,,
Κόνσολας Νικία Εμμανουήλ (Μάνος),Κόνσολας,Κόνσολας Μάνος,ΝΔ,manoskonsolas,@manoskonsolas,@manoskonsolas,,,,,,
Ιατρίδη Ιωάννη Τσαμπίκα (Μίκα),Ιατρίδη,Ιατρίδη Μίκα,ΝΔ,,@gingerjames,@Kosnews24gr,,,,,,
Υψηλάντης Αναστασίου Βασίλειος - Νικόλαος,Υψηλάντης,Υψηλάντης Νικόλαος,ΝΔ,vnaypsilantis,,,,,,,,
Δημοσχάκης Σπύρου Αναστάσιος (Τάσος),Δημοσχάκης,Δημοσχάκης Τάσος,ΝΔ,ADimoschakis,@wonderful,,,,,,,
Κελέτσης Δημητρίου Σταύρος,Κελέτσης,Κελέτσης Σταύρος,ΝΔ,keletsis,@keletsis,@keletsis,,,,,,
Δερμεντζόπουλος Αλεξάνδρου Χρήστος,Δερμεντζόπουλος,Δερμεντζόπουλος Χρήστος,ΝΔ,ChrisDermen,@CMytilinios,,,,,,,
Κεδίκογλου Βασιλείου Συμεών (Σίμος),Κεδίκογλου,Κεδίκογλου Σίμος,ΝΔ,SimosKedikoglou,@SimosKedikoglou,@SimosKedikoglou,,,,,,
Ζεμπίλης Γεωργίου Αθανάσιος,Ζεμπίλης,Ζεμπίλης Αθανάσιος,ΝΔ,than_zebilis,,,,,,,,
Πνευματικός Γεωργίου Σπυρίδωνας,Πνευματικός,Πνευματικός Σπυρίδωνας,ΝΔ,,@OCanonist,,,,,,,
Κοντογεώργος Αθανασίου Κωνσταντίνος,Κοντογεώργος,Κοντογεώργος Κωνσταντίνος,ΝΔ,,,,,,,,,
Ακτύπης Δημητρίου Διονύσιος,Ακτύπης,Ακτύπης Διονύσιος,ΝΔ,,,,,,,,,
Νικολακόπουλος Θεοδώρου Ανδρέας,Νικολακόπουλος,Νικολακόπουλος Ανδρέας,ΝΔ,anikolakopoulos,@Nik_Andreas7,@andnikol1,@christina,@omada_ypefthinotitas,,,,
Τζαβάρας Γεωργίου Κωνσταντίνος,Τζαβάρας,Τζαβάρας Κωνσταντίνος,ΝΔ,Tzavaraskon,@EvgenTzavaras,,,,,,,
Αυγερινοπούλου Ζήσιμου Διονυσία - Θεοδώρα,Αυγερινοπούλου,Αυγερινοπούλου Θεοδώρα,ΝΔ,avgerinopoulou,@avgerinopoulou,@EYL40,@EYL40,,,,,
Βεσυρόπουλος Φωτίου Απόστολος,Βεσυρόπουλος,Βεσυρόπουλος Απόστολος,ΝΔ,a_vesiropoulos,,,,,,,,
Μπαρτζώκας Στεργίου Αναστάσιος,Μπαρτζώκας,Μπαρτζώκας Αναστάσιος,ΝΔ,t_bartzokas,,,,,,,,
Τσαβδαρίδης Γεωργίου Λάζαρος,Τσαβδαρίδης,Τσαβδαρίδης Λάζαρος,ΝΔ,lazarostsavdar1,@L_Tsavdaridis,@tsavdaridislazaros,@LazarosTsavdar1,@athena_ks,,,,
Σενετάκης Γεωργίου Μάξιμος,Σενετάκης,Σενετάκης Μάξιμος,ΝΔ,maxsenetakis,@lefteris_avg,@maxsenetakis,,,,,,
Αυγενάκης Κωνσταντίνου Ελευθέριος,Αυγενάκης,Αυγενάκης Ελευθέριος,ΝΔ,l_avgenakis,@papanikolaou_dim,,,,,,,
Γιόγιακας Νικολάου Βασίλειος,Γιόγιακας,Γιόγιακας Βασίλειος,ΝΔ,giogiakasv,,,,,,,,
Γκιουλέκας Πέτρου Κωνσταντίνος,Γκιουλέκας,Γκιουλέκας Κωνσταντίνος,ΝΔ,gioulekaskostas,@e_gkiouleka,,,,,,,
Καραμανλής Αλεξάνδρου Κωνσταντίνος,Καραμανλής,Καραμανλής Κωνσταντίνος,ΝΔ,,@idKaramanlis,@karamanlis_k,@kyriakos_,@kostasbakoyannis,,,,
Καλαφάτης Αθανασίου Σταύρος,Καλαφάτης,Καλαφάτης Σταύρος,ΝΔ,KalafatisSt,@KalafatisSt,@anna_michelle_nd,,,,,,
Ευθυμίου Ταξιάρχη Άννα,Ευθυμίου,Ευθυμίου Άννα,ΝΔ,AnnaEfthymiou_,@EffyEfthymiou,,,,,,,
Σιμόπουλος Γεωργίου Ευστράτιος (Στράτος),Σιμόπουλος,Σιμόπουλος Στράτος,ΝΔ,efsimopoulos,@efsimopoulos,@efsimopoulos,@atzitzikostas,@DKouvelas,@lenaflitz,@a,,
Ράπτη Δημητρίου Ελένη,Ράπτη,Ράπτη Ελένη,ΝΔ,Elena_Rapti,@rapti_elena_official,,,,,,,
Κούβελας Σωτηρίου Δημήτριος,Κούβελας,Κούβελας Δημήτριος,ΝΔ,dkouvelas,@kouvelasmits,@dkouvelas,@kouvelasmits,,,,,
Καράογλου Γεωργίου Θεόδωρος,Καράογλου,Καράογλου Θεόδωρος,ΝΔ,TheoKaraoglou,,,,,,,,
Βαρτζόπουλος Χρυσοστόμου Δημήτριος,Βαρτζόπουλος,Βαρτζόπουλος Δημήτριος,ΝΔ,DimVartzopoulos,@DimVartzopoulos,@DKouvelas,@DimVartzopoulos,@DimitrisMitrou,@DKouvelas,,,
Αναστασιάδης Ιωάννη Σάββας,Αναστασιάδης,Αναστασιάδης Σάββας,ΝΔ,savanastasiadis,@stratis_koukou,@savanastasiadis,,,,,,
Κεφαλά Στεφάνου Μαρία - Αλεξάνδρα,Κεφαλά,Κεφαλά Αλεξάνδρα,ΝΔ,,@AmEthno,@ajbwells,@AmEthno,,,,,
Καλογιάννης Ελευθερίου Σταύρος,Καλογιάννης,Καλογιάννης Σταύρος,ΝΔ,,,,,,,,,
Τασούλας Αναστασίου Κωνσταντίνος,Τασούλας,Τασούλας Κωνσταντίνος,ΝΔ,,@dreamtheaternet,,,,,,,
Αμυράς Στυλιανού Γεώργιος,Αμυράς,Αμυράς Γεώργιος,ΝΔ,amirasgiorgos,@BRPD,@ArzedaCo,@PenguinClass,@JHHSTrack,,,,
Παναγιωτόπουλος Ιωάννη Νικόλαος,Παναγιωτόπουλος,Παναγιωτόπουλος Νικόλαος,ΝΔ,npanagioto,@npanagioto,@Nick_P2015,@npanagioto,,,,,
Πασχαλίδης Αδάμ Ιωάννης,Πασχαλίδης,Πασχαλίδης Ιωάννης,ΝΔ,pasxalidisjohn,@YPaschalidis,,,,,,,
Λαζαρίδης Βασιλείου Μακάριος,Λαζαρίδης,Λαζαρίδης Μακάριος,ΝΔ,mvlazaridis,@mvlazaridis,@mvlazaridis,,,,,,
Κωτσός Κωνσταντίνου Γεώργιος,Κωτσός,Κωτσός Γεώργιος,ΝΔ,KotsosGiorgos,,,,,,,,
Σκόνδρα Κωνσταντίνου Ασημίνα,Σκόνδρα,Σκόνδρα Ασημίνα,ΝΔ,AsiminaSkondra,,,,,,,,
Τσιάρας Αλεξάνδρου Κωνσταντίνος,Τσιάρας,Τσιάρας Κωνσταντίνος,ΝΔ,tsiaras_kostas,@tsiaras_kostas,@kyranakis,@anna_michelle_nd,@christina,,,,
Τζηκαλάγιας Γεωργίου Ζήσης,Τζηκαλάγιας,Τζηκαλάγιας Ζήσης,ΝΔ,,@kasestia,,,,,,,
Γκίκας Σωτηρίου Στέφανος,Γκίκας,Γκίκας Στέφανος,ΝΔ,STEFANOS_GIKAS,@STEFANOS_GIKAS,@dimitriosgikas,,,,,,
Καππάτος Σπυρίδωνος-Διονυσίου Παναγής,Καππάτος,Καππάτος Παναγής,ΝΔ,pkappatos,@pkappatos,@inkefalonia,,,,,,
Γεωργαντάς Παύλου Γεώργιος,Γεωργαντάς,Γεωργαντάς Γεώργιος,ΝΔ,georgantasgr,@georgantasgr,@georgantasgr,,,,,,
Βρυζίδου Παναγιώτη Παρασκευή,Βρυζίδου,Βρυζίδου Παρασκευή,ΝΔ,Vrizidou_Vicky,,,,,,,,
Αμανατίδης Ισαάκ Γεώργιος,Αμανατίδης,Αμανατίδης Γεώργιος,ΝΔ,amanatidis_g,@GianAman,,,,,,,
Παπαδόπουλος Γεωργίου Μιχάλης,Παπαδόπουλος,Παπαδόπουλος Μιχάλης,ΝΔ,papadopoulosmix,@gmpapadopoulos,@iampanpap,,,,,,
Κωνσταντινίδης Κωνσταντίνου Ευστάθιος,Κωνσταντινίδης,Κωνσταντινίδης Ευστάθιος,ΝΔ,Stathis_Konst,,,,,,,,
Σούκουλη - Βιλιάλη Δημητρίου Μαρία Ελένη (Μαριλένα),Σούκουλη,Σούκουλη Μαριλένα,ΝΔ,msoukouli,@marilenasoukouli,@msoukouli,@msoukouli,,,,,
Ταγαράς Χρήστου Νικόλαος,Ταγαράς,Ταγαράς Νικόλαος,ΝΔ,TagarasNikos,@TagarasNikos,@alexandra__panagiotarou,@manosvynichakis,,,,,
Δήμας Σταύρου Χρίστος,Δήμας,Δήμας Χρίστος,ΝΔ,ChristosDimas_,@ChristosDimas_,@chdimas,@DimasChristos,,,,,
Βρούτσης Βασιλείου Ιωάννης,Βρούτσης,Βρούτσης Ιωάννης,ΝΔ,vroutsisgiannis,@VroutsisGiannis,@VroutsisGiannis,,,,,,
Μονογυιού Αικατερίνη,Μονογυιού,Μονογυιού Αικατερίνη,ΝΔ,MonogiouKateri1,@katerina_monogiou,,,,,,,
Φόρτωμας Αριστοτέλη Φίλιππος,Φόρτωμας,Φόρτωμας Φίλιππος,ΝΔ,,@philip_fortomas,,,,,,,
Κρητικός Δημοσθένη Νεοκλής,Κρητικός,Κρητικός Νεοκλής,ΝΔ,neokliskritikos,,,,,,,,
Δαβάκης Παναγιώτη Αθανάσιος,Δαβάκης,Δαβάκης Αθανάσιος,ΝΔ,adavakis,,,,,,,,
Κέλλας Αχιλλέα Χρήστος,Κέλλας,Κέλλας Χρήστος,ΝΔ,kellas_xristos,@kellas_xristos,,,,,,,
Μπίζιου Νικολάου Στεργιανή (Στέλλα),Μπίζιου,Μπίζιου Στέλλα,ΝΔ,BiziouStella,@christina,@irinapapasynnefaki,@sofia_zacharaki,@arampatzifoteini,@katerina_monogiou,,,
Χαρακόπουλος Παντελή Μάξιμος,Χαρακόπουλος,Χαρακόπουλος Μάξιμος,ΝΔ,pantamaximos,@pantamaximos,,,,,,,
Πλακιωτάκης Ιωσήφ Ιωάννης,Πλακιωτάκης,Πλακιωτάκης Ιωάννης,ΝΔ,g_plakiotakis,@G_Plakiotakis,@CL_Forums,@G_Plakiotakis,,,,,
Αθανασίου Χριστόφα Χαράλαμπος,Αθανασίου,Αθανασίου Χαράλαμπος,ΝΔ,XarAthan,,,,,,,,
Καββαδάς Ιωάννη Αθανάσιος,Καββαδάς,Καββαδάς Αθανάσιος,ΝΔ,,@GreekGEO_Office,,,,,,,
Μπουκώρος Γεωργίου Χρήστος,Μπουκώρος,Μπουκώρος Χρήστος,ΝΔ,chboukoros1,@chboukoros,,,,,,,
Μαραβέγιας Αριστοτέλη Κωνσταντίνος,Μαραβέγιας,Μαραβέγιας Κωνσταντίνος,ΝΔ,maravegiaskost,@maraveyas,@choirchoirchoir,@k_diminakis,,,,,
Μακρή Μιχαήλ Ζωή (Ζέττα),Μακρή,Μακρή Ζέττα,ΝΔ,zettamakri,@ZettaMakri,@anna_michelle_nd,@ZettaMakri,,,,,
Λιούπης Κωνσταντίνου Αθανάσιος,Λιούπης,Λιούπης Αθανάσιος,ΝΔ,,,,,,,,,
Μαντάς Παντελή Περικλής,Μαντάς,Μαντάς Περικλής,ΝΔ,periklismantas,@marinebiology9,,,,,,,
Λαμπρόπουλος Δημητρίου Ιωάννης,Λαμπρόπουλος,Λαμπρόπουλος Ιωάννης,ΝΔ,,@lampropo,@Tarek_Skaif,@cmrdenardis,@lampropo,@aisha_wien,,,
Σαμαράς Κωνσταντίνου Αντώνιος,Σαμαράς,Σαμαράς Αντώνιος,ΝΔ,samaras_antonis,@reddit,@sam_aye_ahm,,,,,,
Χρυσομάλλης Παναγιώτη Μιλτιάδης (Μίλτος),Χρυσομάλλης,Χρυσομάλλης Μίλτος,ΝΔ,chrysomallism,@chrysomallism,@miltoschrysomallis,@chrysomallism,,,,,
Τσιλιγγίρης Γεωργίου Σπυρίδων (Σπύρος),Τσιλιγγίρης,Τσιλιγγίρης Σπύρος,ΝΔ,,@thePEdiet,@BurnFatNotSugar,@profitnothealth,,,,,
Σταμενίτης Ευαγγέλου Διονύσιος,Σταμενίτης,Σταμενίτης Διονύσιος,ΝΔ,dionstamenitis,,,,,,,,
Καρασμάνης Αθανασίου Γεώργιος,Καρασμάνης,Καρασμάνης Γεώργιος,ΝΔ,,,,,,,,,
Βασιλειάδης Νικολάου Βασίλειος (Λάκης),Βασιλειάδης,Βασιλειάδης Λάκης,ΝΔ,lakis_vas,@lakis_vas,@lakis_vas,,,,,,
Μάνη-Παπαδημητρίου Ευαγγέλου ΄Αννα,Μάνη-Παπαδημητρίου,Μάνη-Παπαδημητρίου ΄Αννα,ΝΔ,,,,,,,,,
Μπαραλιάκος Ελευθερίου Ξενοφών (Φώντας),Μπαραλιάκος,Μπαραλιάκος Φώντας,ΝΔ,fbaraliakos,@fbaraliakos,,,,,,,
Χιονίδης Γεωργίου Σάββας,Χιονίδης,Χιονίδης Σάββας,ΝΔ,HionidisSavvas,@HionidisSavvas,@HionidisSavvas,@savvas_chionidis,,,,,
Γιαννάκης Κωνσταντίνου Στέργιος,Γιαννάκης,Γιαννάκης Στέργιος,ΝΔ,stergiannakis,@Stergios_Pl,@nytimesbooks,,,,,,
Κεφαλογιάννης Αχιλλέα Ιωάννης,Κεφαλογιάννης,Κεφαλογιάννης Ιωάννης,ΝΔ,gkefalogiannis,@gkefalogiannis,@christina,,,,,,
Στυλιανίδης Στυλιανού Ευριπίδης,Στυλιανίδης,Στυλιανίδης Ευριπίδης,ΝΔ,e_stylianidis,@evripidisstylianidis,@e_stylianidis,,,,,,
Στεφανάδης Ισιδώρου Χριστόδουλος,Στεφανάδης,Στεφανάδης Χριστόδουλος,ΝΔ,ChStefanadis,,,,,,,,
Λεονταρίδης Χρήστου Θεόφιλος,Λεονταρίδης,Λεονταρίδης Θεόφιλος,ΝΔ,The_Leontaridis,@leontaridis_theofilos,@The_Leontaridis,@The_Leontaridis,,,,,
Καραμανλής Αχιλλέα Κωνσταντίνος,Καραμανλής,Καραμανλής Κωνσταντίνος,ΝΔ,karamanlis_k,@idKaramanlis,@karamanlis_k,@kyriakos_,@kostasbakoyannis,,,,
Αραμπατζή Αθανασίου Φωτεινή,Αραμπατζή,Αραμπατζή Φωτεινή,ΝΔ,ArampatziFotini,@ArampatziFotini,@FoteiniArampat1,@arampatzifoteini,@ArampatziFotini,,,,
Χατζηβασιλείου Γεωργίου Αναστάσιος (Τάσος),Χατζηβασιλείου,Χατζηβασιλείου Τάσος,ΝΔ,tasos_chatziv,@tasos_chatziv,@KDamokles,@gzarifopoulos,,,,,
Λιούτας Αχιλλέως Αθανάσιος,Λιούτας,Λιούτας Αθανάσιος,ΝΔ,,,,,,,,,
Σκρέκας Θεοδώρου Κωνσταντίνος,Σκρέκας,Σκρέκας Κωνσταντίνος,ΝΔ,KostasSkrekas,@IEA,@constantinosbogdanos,@kyranakis,,,,,
Παπακώστα - Παλιούρα Δημητρίου Αικατερίνη (Κατερίνα),Παπακώστα,Παπακώστα Κατερίνα,ΝΔ,papakostakater,@kpapakosta,@archaeostoryteller,@georgepapakostas,,,,,
Οικονόμου Δημητρίου Ιωάννης,Οικονόμου,Οικονόμου Ιωάννης,ΝΔ,joikonomou,@IBD_doctor,@i_oikonomou,@poikonomou,@dgkokkinidis,,,,
Σταϊκούρας Κωνσταντίνου Χρήστος,Σταϊκούρας,Σταϊκούρας Χρήστος,ΝΔ,cstaikouras,@cstaikouras,@kyriakos_,,,,,,
Κοτρωνιάς Νικολάου Γεώργιος,Κοτρωνιάς,Κοτρωνιάς Γεώργιος,ΝΔ,,,,,,,,,
Χειμάρας Αθανασίου Θεμιστοκλής (Θέμης),Χειμάρας,Χειμάρας Θέμης,ΝΔ,T_Cheimaras,@T_Cheimaras,@PanosFoskolos,@Alex_Pirounis,,,,,
Αντωνιάδης Δημητρίου Ιωάννης,Αντωνιάδης,Αντωνιάδης Ιωάννης,ΝΔ,GIANNISFLORINA,@iantoniadis75,@vanton_,@cytechltd,,,,,
Μπούγας Δημητρίου Ιωάννης,Μπούγας,Μπούγας Ιωάννης,ΝΔ,ioannis_mpougas,@ELEDIAResearch,@christina,,,,,,
Βαγιωνάς Κωνσταντίνου Γεώργιος,Βαγιωνάς,Βαγιωνάς Γεώργιος,ΝΔ,GVagionas,,,,,,,,
Διγαλάκης Βασιλείου Βασίλειος,Διγαλάκης,Διγαλάκης Βασίλειος,ΝΔ,vdigalakis,@vdigalakis,@vdigalakis,,,,,,
Μπακογιάννη Κωνσταντίνου Θεοδώρα (Ντόρα),Μπακογιάννη,Μπακογιάννη Ντόρα,ΝΔ,Dora_Bakoyannis,@Dora_Bakogianni,@dbakoyannis,@Dora_Bakoyannis,@bakogianni,,,,
Βολουδάκης Γεωργίου Μανούσος - Κωνσταντίνος,Βολουδάκης,Βολουδάκης Κωνσταντίνος,ΝΔ,MVoloudakis,@MVoloudakis,,,,,,,
Μηταράκης Αντωνίου Παναγιώτης (Νότης),Μηταράκης,Μηταράκης Νότης,ΝΔ,nmitarakis,@nmitarakis,,,,,,,
Αχτσιόγλου Θεμιστοκλή Ευτυχία,Αχτσιόγλου,Αχτσιόγλου Ευτυχία,ΣΥΡΙΖΑ,E_Achtsioglou,,,,,,,,
Βασιλικός Νικολάου Βασίλειος (Βασίλης),Βασιλικός,Βασιλικός Βασίλης,ΣΥΡΙΖΑ,,@manosvynichakis,,,,,,,
Σκουρλέτης Βασιλείου Παναγιώτης (Πάνος),Σκουρλέτης,Σκουρλέτης Πάνος,ΣΥΡΙΖΑ,pskourl,@pskourl,@pskourl,,,,,,
Φλαμπουράρης Γερασίμου Αλέξανδρος,Φλαμπουράρης,Φλαμπουράρης Αλέξανδρος,ΣΥΡΙΖΑ,,,,,,,,,
Φίλης Αριστοτέλη Νικόλαος,Φίλης,Φίλης Νικόλαος,ΣΥΡΙΖΑ,nikosfilis1,@nikosfilis1,,,,,,,
Τζανακόπουλος Μόσχου Δημήτριος,Τζανακόπουλος,Τζανακόπουλος Δημήτριος,ΣΥΡΙΖΑ,d_tzanakopoulos,@d_tzanakopoulos,@d_tzanakopoulos,,,,,,
Βερναρδάκης Δημοσθένη Χριστόφορος,Βερναρδάκης,Βερναρδάκης Χριστόφορος,ΣΥΡΙΖΑ,ChVernardakis,@ChVernardakis,,,,,,,
Βούτσης Γεωργίου Νικόλαος,Βούτσης,Βούτσης Νικόλαος,ΣΥΡΙΖΑ,,,,,,,,,
Ζαχαριάδης Εμμανουήλ Κωνσταντίνος,Ζαχαριάδης,Ζαχαριάδης Κωνσταντίνος,ΣΥΡΙΖΑ,CZachariadis,@MarkosZach,@MarkosZach,,,,,,
Κατρούγκαλος Στέλιου - Παναγιώτη Γεώργιος,Κατρούγκαλος,Κατρούγκαλος Γεώργιος,ΣΥΡΙΖΑ,gkatr,@gkatr,,,,,,,
Ξενογιαννακοπούλου Διονυσίου Μαρία - Ελίζα (Μαριλίζα),Ξενογιαννακοπούλου,Ξενογιαννακοπούλου Μαριλίζα,ΣΥΡΙΖΑ,marilizaxen,,,,,,,,
Τσακαλώτος Στεφάνου Ευκλείδης,Τσακαλώτος,Τσακαλώτος Ευκλείδης,ΣΥΡΙΖΑ,tsakalotos,,,,,,,,
Καφαντάρη Φωτίου Χαρούλα (Χαρά),Καφαντάρη,Καφαντάρη Χαρά,ΣΥΡΙΖΑ,,,,,,,,,
Παπαχριστόπουλος Θεμιστοκλή Αθανάσιος (Θανάσης),Παπαχριστόπουλος,Παπαχριστόπουλος Θανάσης,ΣΥΡΙΖΑ,PapachristTh,,,,,,,,
Δραγασάκης Ανδρέα Ιωάννης,Δραγασάκης,Δραγασάκης Ιωάννης,ΣΥΡΙΖΑ,YDragasakis,@YDragasakis,,,,,,,
Βίτσας Αθανασίου Δημήτριος,Βίτσας,Βίτσας Δημήτριος,ΣΥΡΙΖΑ,dimitrisvitsas,,,,,,,,
Παππάς Στυλιανού Νικόλαος,Παππάς,Παππάς Νικόλαος,ΣΥΡΙΖΑ,nikospappas16,@3pfamilia,@nikospappas16,@nikopappas343,@NikolaosMantas,,,,
Μουζάλας Ευστράτιου Ιωάννης,Μουζάλας,Μουζάλας Ιωάννης,ΣΥΡΙΖΑ,imouzalas,@imouzalas,@imouzalas,@EASO,,,,,
Μπαλάφας Περικλή Ιωάννης,Μπαλάφας,Μπαλάφας Ιωάννης,ΣΥΡΙΖΑ,ybalafas,@imouzalas,@imouzalas,,,,,,
Φωτίου Βασιλείου Θεανώ,Φωτίου,Φωτίου Θεανώ,ΣΥΡΙΖΑ,TheanoFotiou,@TheanoFotiou,,,,,,,
Χρηστίδου Δημητρίου Ραλλία,Χρηστίδου,Χρηστίδου Ραλλία,ΣΥΡΙΖΑ,Ral_Christidou,@rallia_,@Ral_Christidou,@Ral_Christidou,,,,,
Δρίτσας Παναγιώτη Θεόδωρος,Δρίτσας,Δρίτσας Θεόδωρος,ΣΥΡΙΖΑ,,@nedovic1624,,,,,,,
Κασιμάτη Γεωργίου Ειρήνη (Νίνα),Κασιμάτη,Κασιμάτη Νίνα,ΣΥΡΙΖΑ,ninakasimati,@ninakasimati,,,,,,,
Αλεξιάδης Ζαφειρίου Τρύφων,Αλεξιάδης,Αλεξιάδης Τρύφων,ΣΥΡΙΖΑ,,,,,,,,,
Ραγκούσης Νικολάου Ιωάννης,Ραγκούσης,Ραγκούσης Ιωάννης,ΣΥΡΙΖΑ,gragkousis,@kyriakakis64,@TheodorakosAlex,,,,,,
Σκουρολιάκος Λουκά Παναγιώτης (Πάνος),Σκουρολιάκος,Σκουρολιάκος Πάνος,ΣΥΡΙΖΑ,PanosSkourolia1,@PanosSkourolia1,,,,,,,
Σπίρτζης Παναγιώτη Χρήστος,Σπίρτζης,Σπίρτζης Χρήστος,ΣΥΡΙΖΑ,c_spirtzis,@c_spirtzis,@jsarakiotis,@mariaapatzidi,,,,,
Αθανασίου Ευθυμίου Αθανάσιος (Νάσος),Αθανασίου,Αθανασίου Νάσος,ΣΥΡΙΖΑ,nasosa8anasiou,@ts480hx,@Athanas_HS,@MMMixes,@Cursed_hs,@nasosiliopoulos,@AthanasiouGroup,@dkampolis_official,@LeoAthan
Τσίπρας Ηρακλή Γεώργιος,Τσίπρας,Τσίπρας Γεώργιος,ΣΥΡΙΖΑ,giorgostsipras,@JoeBiden,@POTUS,,,,,,
Βαρεμένος Βασιλείου Γεώργιος,Βαρεμένος,Βαρεμένος Γεώργιος,ΣΥΡΙΖΑ,GVaremenos,@_adonisk,,,,,,,
Μωραΐτης Χρήστου Αθανάσιος (Θάνος),Μωραΐτης,Μωραΐτης Θάνος,ΣΥΡΙΖΑ,thanos_moraitis,@BBonizzi,@thanmor,,,,,,
Γκιόλας Δημητρίου Ιωάννης,Γκιόλας,Γκιόλας Ιωάννης,ΣΥΡΙΖΑ,,,,,,,,,
Παπαηλιού Ηλία Γεώργιος,Παπαηλιού,Παπαηλιού Γεώργιος,ΣΥΡΙΖΑ,,,,,,,,,
Γεροβασίλη Βασιλείου Όλγα,Γεροβασίλη,Γεροβασίλη Όλγα,ΣΥΡΙΖΑ,olgagerovasili,@olgagerovasili,@rena,@rallia_,@jsarakiotis,,,,
Αναγνωστοπούλου Πέτρου Αθανασία (Σία),Αναγνωστοπούλου,Αναγνωστοπούλου Σία,ΣΥΡΙΖΑ,sia_anag,@sia_anag,,,,,,,
Μάρκου Βασιλείου Κωνσταντίνος,Μάρκου,Μάρκου Κωνσταντίνος,ΣΥΡΙΖΑ,,@BoutsioulisKon,@emiliosmarku,,,,,,
Τσίπρας Παύλου Αλέξιος,Τσίπρας,Τσίπρας Αλέξιος,ΣΥΡΙΖΑ,atsipras,,,,,,,,
Πούλου Λεωνίδα Παναγιού (Γιώτα),Πούλου,Πούλου Γιώτα,ΣΥΡΙΖΑ,GIOTAPOULOU,,,,,,,,
Ξανθόπουλος Σάββα Θεόφιλος,Ξανθόπουλος,Ξανθόπουλος Θεόφιλος,ΣΥΡΙΖΑ,Xanthopoulosth,@Xanthopoulosth,,,,,,,
Σαντορινιός Κωνσταντίνου Νεκτάριος,Σαντορινιός,Σαντορινιός Νεκτάριος,ΣΥΡΙΖΑ,nectarsant,@nectarsant,,,,,,,
Γκαρά Γεωργίου Αναστασία (Νατάσα),Γκαρά,Γκαρά Νατάσα,ΣΥΡΙΖΑ,NatasaGkara,@karagoldin,@karajewelll,@NatashaKxra,@kara,@KaraLindsay1,@KaraScannell,@kararoyster,
Αποστόλου Δημητρίου Ευάγγελος,Αποστόλου,Αποστόλου Ευάγγελος,ΣΥΡΙΖΑ,vag_apos,,,,,,,,
Χατζηγιαννάκης Ευαγγέλου Μιλτιάδης,Χατζηγιαννάκης,Χατζηγιαννάκης Μιλτιάδης,ΣΥΡΙΖΑ,,@antonakd,,,,,,,
Καλαματιανός Χρήστου Διονύσιος-Χαράλαμπος,Καλαματιανός,Καλαματιανός Διονύσιος-Χαράλαμπος,ΣΥΡΙΖΑ,dckalamatianos,,,,,,,,
Καρασαρλίδου Γεωργίου Ευφροσύνη (Φρόσω),Καρασαρλίδου,Καρασαρλίδου Φρόσω,ΣΥΡΙΖΑ,FKarasarlidou,,,,,,,,
Ηγουμενίδης Εμμανουήλ Νικόλαος,Ηγουμενίδης,Ηγουμενίδης Νικόλαος,ΣΥΡΙΖΑ,IgoumenidisN,@IgoumenidisN,,,,,,,
Βαρδάκης Δημητρίου Σωκράτης,Βαρδάκης,Βαρδάκης Σωκράτης,ΣΥΡΙΖΑ,sokrvardakis,,,,,,,,
Μαμουλάκης Αντωνίου Χαράλαμπος (Χάρης),Μαμουλάκης,Μαμουλάκης Χάρης,ΣΥΡΙΖΑ,Mamoulakis,@Mamoulakis,,,,,,,
Κάτσης Σπυρίδωνος Μάριος,Κάτσης,Κάτσης Μάριος,ΣΥΡΙΖΑ,marios_katsis,@marios_katsis,@marios_katsis,@kostasvaxevanis,@neademokratia,@jsarakiotis,@mariaapatzidi,,
Ζουράρης Γεωργίου Κωνσταντίνος,Ζουράρης,Ζουράρης Κωνσταντίνος,ΣΥΡΙΖΑ,,@kostasg95,@AndreasPeMa19,,,,,,
Γιαννούλης Ιωάννη Χρήστος,Γιαννούλης,Γιαννούλης Χρήστος,ΣΥΡΙΖΑ,giannoul,@giannoul,@christos_giann,,,,,,
Αμανατίδης Γεωργίου Ιωάννης,Αμανατίδης,Αμανατίδης Ιωάννης,ΣΥΡΙΖΑ,amanatidis_gian,@Amanatidis_Gian,,,,,,,
Νοτοπούλου Παναγιώτη Αικατερίνη (Κατερίνα),Νοτοπούλου,Νοτοπούλου Κατερίνα,ΣΥΡΙΖΑ,katenotopoulou,@katenotopoulou,@notopoulou_katerina,@asteris,@katenotopoulou,,,,
Τριανταφυλλίδης Γεωργίου Αλέξανδρος (Αλέκος),Τριανταφυλλίδης,Τριανταφυλλίδης Αλέκος,ΣΥΡΙΖΑ,tr_alexandros,,,,,,,,
Φάμελλος Πέτρου Σωκράτης,Φάμελλος,Φάμελλος Σωκράτης,ΣΥΡΙΖΑ,sfamellos,@SFamellos,@PetiPerka,,,,,,
Αυγέρη Πέτρου Θεοδώρα (Δώρα),Αυγέρη,Αυγέρη Δώρα,ΣΥΡΙΖΑ,davgeri,@davgeri,,,,,,,
Τζούφη Στεφάνου Μερόπη,Τζούφη,Τζούφη Μερόπη,ΣΥΡΙΖΑ,meropitzoufi,@meropitzoufi,,,,,,,
Ελευθεριάδου Παύλου Σουλτάνα,Ελευθεριάδου,Ελευθεριάδου Σουλτάνα,ΣΥΡΙΖΑ,teleftheriadou,,,,,,,,
Λάππας Ευαγγέλου Σπυρίδωνας,Λάππας,Λάππας Σπυρίδωνας,ΣΥΡΙΖΑ,spyroslappas1,,,,,,,,
Τελιγιορίδου Ιωάννη Ολυμπία,Τελιγιορίδου,Τελιγιορίδου Ολυμπία,ΣΥΡΙΖΑ,teligioridou,,,,,,,,
Αυλωνίτης Νικολάου Αλέξανδρος - Χρήστος,Αυλωνίτης,Αυλωνίτης Χρήστος,ΣΥΡΙΖΑ,a_avlonitis,,,,,,,,
Αγαθοπούλου Δημητρίου Ειρήνη-Ελένη,Αγαθοπούλου,Αγαθοπούλου Ειρήνη-Ελένη,ΣΥΡΙΖΑ,iriniagath,,,,,,,,
Βέτα Δημητρίου Καλλιόπη,Βέτα,Βέτα Καλλιόπη,ΣΥΡΙΖΑ,,,,,,,,,
Ψυχογιός Κωνσταντίνου Γεώργιος,Ψυχογιός,Ψυχογιός Γεώργιος,ΣΥΡΙΖΑ,g_psychogios,@Geo_Psychogios,,,,,,,
Συρμαλένιος Ευαγγέλου Νικόλαος,Συρμαλένιος,Συρμαλένιος Νικόλαος,ΣΥΡΙΖΑ,syrmal2000,,,,,,,,
Αραχωβίτης Γεωργίου Σταύρος,Αραχωβίτης,Αραχωβίτης Σταύρος,ΣΥΡΙΖΑ,,,,,,,,,
Βαγενά Κηλαηδόνη χήρα Λουκιανού Άννα,Βαγενά,Βαγενά Άννα,ΣΥΡΙΖΑ,annavayena,@vagena_anna,@annavictoria,,,,,,
Κόκκαλης Κωνσταντίνου Βασίλειος,Κόκκαλης,Κόκκαλης Βασίλειος,ΣΥΡΙΖΑ,vasiliskokkalhs,@hippocratespsycho,,,,,,,
Θραψανιώτης Μιχαήλ Εμμανουήλ,Θραψανιώτης,Θραψανιώτης Εμμανουήλ,ΣΥΡΙΖΑ,,,,,,,,,
Μπουρνούς Δημητρίου Ιωάννης,Μπουρνούς,Μπουρνούς Ιωάννης,ΣΥΡΙΖΑ,alterglobal,,,,,,,,
Μεϊκόπουλος Μιχαήλ Αλέξανδρος,Μεϊκόπουλος,Μεϊκόπουλος Αλέξανδρος,ΣΥΡΙΖΑ,A_Meikopoulos,,,,,,,,
Παπανάτσιου Στέργιου Αικατερίνη,Παπανάτσιου,Παπανάτσιου Αικατερίνη,ΣΥΡΙΖΑ,,,,,,,,,
Χαρίτσης Βύρωνα Αλέξανδρος (Αλέξης),Χαρίτσης,Χαρίτσης Αλέξης,ΣΥΡΙΖΑ,alexischaritsis,@charitsis,@alexischaritsis,,,,,,
Ζεϊμπέκ Χασάν Χουσεϊν,Ζεϊμπέκ,Ζεϊμπέκ Χουσεϊν,ΣΥΡΙΖΑ,ZeybekHuseyin,@ZeybekHuseyin,,,,,,,
Τζάκρη Εμμανουήλ Θεοδώρα,Τζάκρη,Τζάκρη Θεοδώρα,ΣΥΡΙΖΑ,tzakri,@tzakri,,,,,,,
Σκούφα Δημητρίου Ελισσάβετ (Μπέττυ),Σκούφα,Σκούφα Μπέττυ,ΣΥΡΙΖΑ,BSkoufa,,,,,,,,
Μπάρκας Θεοφάνη Κωνσταντίνος,Μπάρκας,Μπάρκας Κωνσταντίνος,ΣΥΡΙΖΑ,kostasbarkas,@kostasbarkas,@kostasbarkas,@atsipras,,,,,
Ξανθός Γεωργίου Ανδρέας,Ξανθός,Ξανθός Ανδρέας,ΣΥΡΙΖΑ,andreasxanthos,@andrea,@andreasxanthos,,,,,,
Χαρίτου Αθανασίου Δημήτριος (Τάκης),Χαρίτου,Χαρίτου Τάκης,ΣΥΡΙΖΑ,,@michellesalasb,@chryss1290,,,,,,
Αβραμάκης Αντωνίου Ελευθέριος,Αβραμάκης,Αβραμάκης Ελευθέριος,ΣΥΡΙΖΑ,,,,,,,,,
Παπαδόπουλος Αποστόλου Αθανάσιος (Σάκης),Παπαδόπουλος,Παπαδόπουλος Σάκης,ΣΥΡΙΖΑ,sakis_papad,@spappro,@eirini_papadopoulou,,,,,,
Σαρακιώτης Αθανασίου Ιωάννης,Σαρακιώτης,Σαρακιώτης Ιωάννης,ΣΥΡΙΖΑ,jsarakiotis,@JSarakiotis,@jsarakiotis,,,,,,
Πέρκα Χαράλαμπου Θεοπίστη (Πέτη),Πέρκα,Πέρκα Πέτη,ΣΥΡΙΖΑ,PetiPerka,@PetiPerka,@PetiPerka,,,,,,
Μάλαμα Ιωάννη Κυριακή,Μάλαμα,Μάλαμα Κυριακή,ΣΥΡΙΖΑ,KiriakiMalama,@KiriakiMalama,,,,,,,
Πολάκης Πέτρου Παύλος,Πολάκης,Πολάκης Παύλος,ΣΥΡΙΖΑ,pavpol2222,@PavlosPolakis,@pavpol2222,,,,,,
Μιχαηλίδης Φραγκούλη Ανδρέας,Μιχαηλίδης,Μιχαηλίδης Ανδρέας,ΣΥΡΙΖΑ,,@MichailidisA,,,,,,,
