Name (Long),Surname,Name,Party,Twitter Handle,Result 1,Result 2,Result 3,Result 4,Result 5,Result 6,Result 7
Βιλιάρδος Διονυσίου Βασίλειος,Βιλιάρδος,Βιλιάρδος Βασίλειος,ΕΛΛΗΝΙΚΗ ΛΥΣΗ,ViliardosV,@ViliardosV,@ViliardosV,,,,,
Αλεξοπούλου Κωνσταντίνου Αναστασία - Αικατερίνη,Αλεξοπούλου,Αλεξοπούλου Αικατερίνη,ΕΛΛΗΝΙΚΗ ΛΥΣΗ,anaik2020,@xrisalex,@aalexopoulos97,@xrisalex,@christina,,,
Αθανασίου Ευαγγέλου Μαρία,Αθανασίου,Αθανασίου Μαρία,ΕΛΛΗΝΙΚΗ ΛΥΣΗ,MariaAt03902914,@Athanas_HS,@athanasiou_marios,@XarAthan,@XarAthan,@verou_ath,@AthanasiouTh,
Βαγενάς Κωνσταντίνου Δημήτριος,Βαγενάς,Βαγενάς Δημήτριος,ΕΛΛΗΝΙΚΗ ΛΥΣΗ,B3Vagenas,@loukas_vagenas,@B3Vagenas,,,,,
Ασημακοπούλου Δημητρίου Σοφία - Χάιδω,Ασημακοπούλου,Ασημακοπούλου Χάιδω,ΕΛΛΗΝΙΚΗ ΛΥΣΗ,SofAsimak,@AnnaAsimakopoul,@anna_michelle_nd,@A6TzzGauUShtz5c,,,,
Μυλωνάκης Αντωνίου Αντώνιος,Μυλωνάκης,Μυλωνάκης Αντώνιος,ΕΛΛΗΝΙΚΗ ΛΥΣΗ,AntMylonakis,@AntMylonakis,@georgemilon,@ElMylonakis,@georgemilon,,,
Αβδελάς Κωνσταντίνου Απόστολος,Αβδελάς,Αβδελάς Απόστολος,ΕΛΛΗΝΙΚΗ ΛΥΣΗ,avdelas_ap,@avdelas_ap,@FDlRWrxOL6kq3WS,,,,,
Χητάς Αχιλλέως Κωνσταντίνος,Χητάς,Χητάς Κωνσταντίνος,ΕΛΛΗΝΙΚΗ ΛΥΣΗ,chitaskostas,@gxitas2010,@ChitasKostas,@ChitasKostas,,,,
Βελόπουλος Ιωσήφ Κυριάκος,Βελόπουλος,Βελόπουλος Κυριάκος,ΕΛΛΗΝΙΚΗ ΛΥΣΗ,velopky,@velopky,@velopky,@ellinikilisi,,,,
Μπούμπας Ιωάννη Κωνσταντίνος,Μπούμπας,Μπούμπας Κωνσταντίνος,ΕΛΛΗΝΙΚΗ ΛΥΣΗ,kostasmpoumpas,@kostasmpoumpas,@kostasmpoumpas,@loveitskaitv,,,,
Αρβανιτίδης Πέτρου Γεώργιος,Αρβανιτίδης,Αρβανιτίδης Γεώργιος,ΚΙΝΑΛ,Arvanitidis_Geo,@TheoArvanitidis,@NtouApoPantou,,,,,
Αχμέτ Σαμπρή Ιλχάν,Αχμέτ,Αχμέτ Ιλχάν,ΚΙΝΑΛ,ilhanahmet,,,,,,,
Γεννηματά Γεωργίου Φωτεινή (Φώφη),Γεννηματά,Γεννηματά Φώφη,ΚΙΝΑΛ,FofiGennimata,@fofigennimata,@FofiGennimata,@FofiGennimata,,,,
Γιαννακοπούλου Ιωάννη Κωνσταντίνα (Νάντια),Γιαννακοπούλου,Γιαννακοπούλου Νάντια,ΚΙΝΑΛ,ngiannakopoulou,@ngiannakopoulou,@dannygiannakopoulou,@ngiannakopoulou,,,,
Γκόκας Ναπολέοντα Χρήστος,Γκόκας,Γκόκας Χρήστος,ΚΙΝΑΛ,,@TheatroTechnis,,,,,,
Καμίνης Βασιλείου Γεώργιος,Καμίνης,Καμίνης Γεώργιος,ΚΙΝΑΛ,KaminisG,@KaminisG,,,,,,
Καστανίδης Γεωργίου Χαράλαμπος,Καστανίδης,Καστανίδης Χαράλαμπος,ΚΙΝΑΛ,KastanidisHaris,@KastanidisHaris,@KastanidisHaris,,,,,
Κατρίνης Ιωάννη Μιχαήλ,Κατρίνης,Κατρίνης Μιχαήλ,ΚΙΝΑΛ,michaelkatrinis,@michaelkatrinis,@michaelkatrinis,,,,,
Κεγκέρογλου Αλεξάνδρου Βασίλειος,Κεγκέρογλου,Κεγκέρογλου Βασίλειος,ΚΙΝΑΛ,bkegeroglou,@BKegeroglou,,,,,,
Κεφαλίδου Δημητρίου Χαρούλα (Χαρά),Κεφαλίδου,Κεφαλίδου Χαρά,ΚΙΝΑΛ,xarakefalidou,@GKefalidou,,,,,,
Κωνσταντινόπουλος Κωνσταντίνου Οδυσσέας,Κωνσταντινόπουλος,Κωνσταντινόπουλος Οδυσσέας,ΚΙΝΑΛ,Odysseas_,@Odysseas_,@Odysseas_,,,,,
Κωνσταντόπουλος Χρήστου Δημήτριος,Κωνσταντόπουλος,Κωνσταντόπουλος Δημήτριος,ΚΙΝΑΛ,dkonstantop,@dkonstantop,@dkonstantop,@alkon_Ltd,@sn0xfn,@alkon_Ltd,@pxnguinvfx,
Λιακούλη Θεοφάνη Ευαγγελία,Λιακούλη,Λιακούλη Ευαγγελία,ΚΙΝΑΛ,p1l1sulLrVED8tt,,,,,,,
Λοβέρδος Νικολάου Ανδρέας,Λοβέρδος,Λοβέρδος Ανδρέας,ΚΙΝΑΛ,a_loverdos,@YiannisLoverdos,@YiannisLoverdos,@a_loverdos,,,,
Μουλκιώτης Βασιλείου Γεώργιος,Μουλκιώτης,Μουλκιώτης Γεώργιος,ΚΙΝΑΛ,GMoulkiotis,@GMoulkiotis,,,,,,
Μπαράν Νετζαντή Μπουρχάν,Μπαράν,Μπαράν Μπουρχάν,ΚΙΝΑΛ,BurhanBaranDr,,,,,,,
Μπιάγκης Σπυρίδωνος Δημήτριος,Μπιάγκης,Μπιάγκης Δημήτριος,ΚΙΝΑΛ,dimitrisbiagkis,@dimitrisbiagkis,,,,,,
Πανάς Νικολάου Απόστολος,Πανάς,Πανάς Απόστολος,ΚΙΝΑΛ,PanasApostolos,@PrigipoPoulos,@PrigipoPoulos,@PanasApostolos,,,,
Παπανδρέου Ανδρέα Γεώργιος,Παπανδρέου,Παπανδρέου Γεώργιος,ΚΙΝΑΛ,GPapandreou,@GPapandreou,@margarel,@GPapandreou,@sili81,@NicosPapandreou,@sili81,
Πουλάς Θεοδοσίου Ανδρέας,Πουλάς,Πουλάς Ανδρέας,ΚΙΝΑΛ,AndreasPoulas,@AndreasPoulas,,,,,,
Σκανδαλίδης Γεωργίου Κωνσταντίνος,Σκανδαλίδης,Σκανδαλίδης Κωνσταντίνος,ΚΙΝΑΛ,KSkandalidis,@KSkandalidis,,,,,,
Φραγγίδης Σταύρου Γεώργιος,Φραγγίδης,Φραγγίδης Γεώργιος,ΚΙΝΑΛ,FragidisGeorge,@FragidisGeorge,,,,,,
Γκιόκας Χρήστου Ιωάννης,Γκιόκας,Γκιόκας Ιωάννης,ΚΚΕ,,@ygiokas,@stamatisgiokas,@GiokasDimitris,@PanosGkiokas,@kaith_gkioka,,
Δελής Ιωάννη Ιωάννης,Δελής,Δελής Ιωάννης,ΚΚΕ,,@AlexandrosDelis,,,,,,
Κανέλλη Χρήστου Γαρυφαλλιά (Λιάνα),Κανέλλη,Κανέλλη Λιάνα,ΚΚΕ,,@liana,,,,,,
Καραθανασόπουλος Πέτρου Νικόλαος,Καραθανασόπουλος,Καραθανασόπουλος Νικόλαος,ΚΚΕ,,@λ,@κί,,,,,
Κατσώτης Περικλή Χρήστος,Κατσώτης,Κατσώτης Χρήστος,ΚΚΕ,,,,,,,,
Κομνηνάκα Αποστόλου Μαρία,Κομνηνάκα,Κομνηνάκα Μαρία,ΚΚΕ,,,,,,,,
Κουτσούμπας Αποστόλου Δημήτριος,Κουτσούμπας,Κουτσούμπας Δημήτριος,ΚΚΕ,,@21,@ngiannakopoulou,,,,,
Λαμπρούλης Αριστείδη Γεώργιος,Λαμπρούλης,Λαμπρούλης Γεώργιος,ΚΚΕ,,,,,,,,
Μανωλάκου Εμμανουήλ Διαμάντω,Μανωλάκου,Μανωλάκου Διαμάντω,ΚΚΕ,,@sofia_manolakou,,,,,,
Μαρίνος Βασιλείου Γεώργιος,Μαρίνος,Μαρίνος Γεώργιος,ΚΚΕ,,@tramvilos,@marinoskonsolos,,,,,
Παπαναστάσης Αθανασίου Νικόλαος,Παπαναστάσης,Παπαναστάσης Νικόλαος,ΚΚΕ,,@omadaalithias,,,,,,
Παπαρήγα Νικολάου Αλεξάνδρα,Παπαρήγα,Παπαρήγα Αλεξάνδρα,ΚΚΕ,,@Sudrofisa_Aleka,@Sudrofisa_Aleka,,,,,
Παφίλης Σπυρίδωνος Αθανάσιος,Παφίλης,Παφίλης Αθανάσιος,ΚΚΕ,,,,,,,,
Στολτίδης Δημητρίου Λεωνίδας,Στολτίδης,Στολτίδης Λεωνίδας,ΚΚΕ,,@theostol,@Theostol1,,,,,
Συντυχάκης Δανιήλ Εμμανουήλ,Συντυχάκης,Συντυχάκης Εμμανουήλ,ΚΚΕ,,@mardiaz133,@tenia_syn,,,,,
Αδαμοπούλου Αθανασίου Αγγελική,Αδαμοπούλου,Αδαμοπούλου Αγγελική,ΜέΡΑ25,,@TinaAdamopoulos,@vanessaadamopoulou,@aretiadam81,@ebarbagianni,@ariadni_adam,,
Αδάμου Στεργίου Κωνσταντίνα,Αδάμου,Αδάμου Κωνσταντίνα,ΜέΡΑ25,konstantinaada1,@dradamosadamou,@DrMiaAdamou,@dradamosadamou,@adamssss1234,,,
Απατζίδη Κυρίλλου Μαρία,Απατζίδη,Απατζίδη Μαρία,ΜέΡΑ25,ApatzidiM,@mariaapatzidi,,,,,,
Βαρουφάκης Γεωργίου Ιωάννης (Γιάνης),Βαρουφάκης,Βαρουφάκης Γιάνης,ΜέΡΑ25,yanisvaroufakis,@yanisvaroufakis,@varoufakis_gr,@varoufakis_gr,@yanisvaroufakis,@yanisvaroufakis,,
Λογιάδης Σοφοκλή - Εμμανουήλ Γεώργιος,Λογιάδης,Λογιάδης Γεώργιος,ΜέΡΑ25,GeorgeLogiadis,@GeorgeLogiadis,,,,,,
Μπακαδήμα Αγαθοκλή Φωτεινή,Μπακαδήμα,Μπακαδήμα Φωτεινή,ΜέΡΑ25,fbakadima,@fbakadima,@fbakadima,,,,,
Αρσένης Δημοκράτη Κρίτων - Ηλίας,Αρσένης,Αρσένης Ηλίας,ΜέΡΑ25,karsenis,@karsenis,,,,,,
Γρηγοριάδης Γεωργίου Κλέων,Γρηγοριάδης,Γρηγοριάδης Κλέων,ΜέΡΑ25,,@grigdim,@ASGregoriades,@B7Yop23WEU580TI,@grigoriadis_gio,,,
Σακοράφα Ηλία Σοφία,Σακοράφα,Σακοράφα Σοφία,ΜέΡΑ25,SofiaSakorafa,@SofiaSakorafa,@SofiaSakorafa,,,,,
Γεραπετρίτης Βασιλείου Γεώργιος,Γεραπετρίτης,Γεραπετρίτης Γεώργιος,ΝΔ,,@mgerapetritis,@georgetrend,,,,,
Γιαννάκου Παναγιώτη Μαριορή (Μαριέττα),Γιαννάκου,Γιαννάκου Μαριέττα,ΝΔ,m_giannakou,@m_giannakou,,,,,,
Θεοδωρικάκος Δημητρίου Παναγιώτης (Τάκης),Θεοδωρικάκος,Θεοδωρικάκος Τάκης,ΝΔ,theodorikakosp,@theodorikakosp,,,,,,
Πικραμμένος Όθωνος Παναγιώτης,Πικραμμένος,Πικραμμένος Παναγιώτης,ΝΔ,,,,,,,,
Ταραντίλης Δημητρίου Χρήστος,Ταραντίλης,Ταραντίλης Χρήστος,ΝΔ,xtarantilis,,,,,,,
Συρίγος Ματθαίου Ευάγγελος (Άγγελος),Συρίγος,Συρίγος Άγγελος,ΝΔ,angelossyrigos,@GeoSyrigos,@AngelosSyrigos,@geosyrigos,@GeoSyrigos,@angelossyrigos,@AngelosSyrigos,
Πιπιλή Ανδρέα Φωτεινή,Πιπιλή,Πιπιλή Φωτεινή,ΝΔ,FotiniPipili,@FotiniPipili,@in,,,,,
Μπογδάνος Σπυρίδωνος Κωνσταντίνος,Μπογδάνος,Μπογδάνος Κωνσταντίνος,ΝΔ,bogdanosk,@bogdanosk,@constantinosbogdanos,@bogdanosk,@iliasbogdanos,,,
Κακλαμάνης Μιχαήλ Νικήτας,Κακλαμάνης,Κακλαμάνης Νικήτας,ΝΔ,NKaklamanis,@nkaklamanis,@nkaklamanis,@nkaklamanis,@neademokratia,,,
Κεφαλογιάννη Ιωάννη Όλγα,Κεφαλογιάννη,Κεφαλογιάννη Όλγα,ΝΔ,olgakef,@olgakef,@kefalogiannis_,@olgakef,@olgakefalogianni,@M_Kefalogiannis,,
Κικίλιας Παναγιώτη Βασίλειος,Κικίλιας,Κικίλιας Βασίλειος,ΝΔ,Vkikilias,@Vkikilias,@vkikilias,,,,,
Πλεύρης Κωνσταντίνου Αθανάσιος,Πλεύρης,Πλεύρης Αθανάσιος,ΝΔ,thanosplevris,@thanosplevris,@thanosplevris,@thanosplevris,@bogdanosk,,,
Ράπτη Γεωργίου Ζωή,Ράπτη,Ράπτη Ζωή,ΝΔ,raptizoi,@rapti_elena_official,@raptis_nick,@kympouropoulos,,,,
Ρουσόπουλος Βασιλείου Θεόδωρος,Ρουσόπουλος,Ρουσόπουλος Θεόδωρος,ΝΔ,RoussopoulosTh,@RousopoulosgΘεόδωρος,@roussopoulosth,@RoussopoulosTh,@kympouropoulos,,,
Κουμουτσάκος Σπυρίδωνος Γεώργιος,Κουμουτσάκος,Κουμουτσάκος Γεώργιος,ΝΔ,GKoumoutsakos,@GKoumoutsakos,@kympouropoulos,@anna_michelle_nd,,,,
Κεραμέως Κωνσταντίνου Νίκη,Κεραμέως,Κεραμέως Νίκη,ΝΔ,nkerameus,@nkerameus,@nkerameus,@nkerameus,,,,
Καιρίδης Κωνσταντίνου Δημήτριος,Καιρίδης,Καιρίδης Δημήτριος,ΝΔ,DimKairidis,@DimKairidis,@DimKairidis,@voularinos,@gzarifopoulos,,,
Γεωργιάδης Αθανασίου Σπυρίδων - Άδωνις,Γεωργιάδης,Γεωργιάδης Άδωνις,ΝΔ,AdonisGeorgiadi,@AdonisGeorgiadi,@adonis_georgiadis,@AdonisGeorgiadi,@AdonisGeorgiadi,@AdonisGeorgiadi,@Skai,
Χατζηδάκης Ιωάννη Κωνσταντίνος (Κωστής),Χατζηδάκης,Χατζηδάκης Κωστής,ΝΔ,K_Hatzidakis,@K_Hatzidakis,@panagiotis_hatzidakis,@K_Hatzidakis,,,,
Βαρβιτσιώτης Ιωάννη Μιλτιάδης,Βαρβιτσιώτης,Βαρβιτσιώτης Μιλτιάδης,ΝΔ,MVarvitsiotis,@MVarvitsiotis,@MVarvitsiotis,,,,,
Λοβέρδος Πέτρου Ιωάννης - Μιχαήλ (Γιάννης),Λοβέρδος,Λοβέρδος Γιάννης,ΝΔ,YiannisLoverdos,@YiannisLoverdos,@YiannisLoverdos,@a_loverdos,,,,
Μητσοτάκης Κωνσταντίνου Κυριάκος,Μητσοτάκης,Μητσοτάκης Κυριάκος,ΝΔ,kmitsotakis,@kmitsotakis,@kyriakos_,@PrimeministerGR,@kmitsotakis,@PrimeministerGR,,
Κυρανάκης Ιωάννη - Παναγιώτη Κωνσταντίνος,Κυρανάκης,Κυρανάκης Κωνσταντίνος,ΝΔ,kyranakis,@kyranakis,@kyranakis,@kyranakis,,,,
Παπαδημητρίου Αθανασίου Χαράλαμπος (Μπάμπης),Παπαδημητρίου,Παπαδημητρίου Μπάμπης,ΝΔ,babis2019,@papadimitriou,@papadelena,@babis2019,@babis2019,@Re9ioxGFl3JAlq8,@pavlospapadim,
Σπανάκης Νικολάου Βασίλειος - Πέτρος,Σπανάκης,Σπανάκης Πέτρος,ΝΔ,vspanakis,@vspanakis,@vspanakis,,,,,
Δένδιας Σπυρίδωνος Νικόλαος - Γεώργιος,Δένδιας,Δένδιας Γεώργιος,ΝΔ,NikosDendias,@NikosDendias,@NikosDendias,,,,,
Βούλτεψη Ιωάννη Σοφία,Βούλτεψη,Βούλτεψη Σοφία,ΝΔ,sofia_voultepsi,@Sofia_voultepsi,,,,,,
Καλλιάνος Δημητρίου Ιωάννης,Καλλιάνος,Καλλιάνος Ιωάννης,ΝΔ,kallianos,@kallianos,@kallianos,@gzarifopoulos,,,,
Καραμανλή Αρκαδίου Άννα,Καραμανλή,Καραμανλή Άννα,ΝΔ,annakaramanli,@natasapazaitibhc,@karamanlis_k,@alexandros,,,,
Θεοχάρης Αθανασίου Θεοχάρης (Χάρης),Θεοχάρης,Θεοχάρης Χάρης,ΝΔ,htheoharis,@htheoharis,@harry_theoharis,@Yannis_Theo,@BrigTheoxaris,,,
Χατζηδάκης Διονυσίου Διονύσιος,Χατζηδάκης,Χατζηδάκης Διονύσιος,ΝΔ,,@K_Hatzidakis,@panagiotis_hatzidakis,@K_Hatzidakis,,,,
Δούνια Δημητρίου Παναγιώτα (Νόνη),Δούνια,Δούνια Νόνη,ΝΔ,NoniDounia,@dounia_esd,,,,,,
Κατσαφάδος Ιωάννη Κωνσταντίνος,Κατσαφάδος,Κατσαφάδος Κωνσταντίνος,ΝΔ,katsafados,@qFyqYbaAYGy06ul,@katsafadosk,,,,,
Μπουτσικάκης Ιωάννη Χριστόφορος - Εμμανουήλ,Μπουτσικάκης,Μπουτσικάκης Εμμανουήλ,ΝΔ,BoutsikakisChr,@BoutsikakisChr,,,,,,
Μελάς Παναγιώτη Ιωάννης,Μελάς,Μελάς Ιωάννης,ΝΔ,yiannismelas,@yiannismelas,,,,,,
Μανωλάκος Πέτρου Νικόλαος,Μανωλάκος,Μανωλάκος Νικόλαος,ΝΔ,manolakosnik,@manolakosnik,,,,,,
Μαρκόπουλος Κωνσταντίνου Δημήτριος,Μαρκόπουλος,Μαρκόπουλος Δημήτριος,ΝΔ,markopoulosdimi,@Eliamarkopoulos,@MarkopoulosDimi,@MarkopoulosDimi,,,,
Τραγάκης Παναγιώτη Ιωάννης,Τραγάκης,Τραγάκης Ιωάννης,ΝΔ,,@nikolettaralli,,,,,,
Μαρτίνου Αθανασίου Γεωργία,Μαρτίνου,Μαρτίνου Γεωργία,ΝΔ,GeorgiaMartinou,@kosmote1,@kosmote1,@GeorgiaMartinou,,,,
Οικονόμου Αθανασίου Βασίλειος,Οικονόμου,Οικονόμου Βασίλειος,ΝΔ,OikonomouVasili,@dimoikonomu,@dimoikonomu,@OikonomouVasili,@OikonomouGeorge,@filio_lou,@athinao1konomakou,
Βλάχος Θεοδώρου Γεώργιος,Βλάχος,Βλάχος Γεώργιος,ΝΔ,Vlachos_G,@panos_vlahos_official,@vlavla,@anevlachosjr,@vlavla,,,
Βορίδης Χρήστου Μαυρουδής (Μάκης),Βορίδης,Βορίδης Μάκης,ΝΔ,MakisVoridis,@MakisVoridis,@makisvoridis,@MakisVoridis,,,,
Μπούρας Κωνσταντίνου Αθανάσιος,Μπούρας,Μπούρας Αθανάσιος,ΝΔ,athbouras,@periergod,@angelosbouras,@periergod,@athbouras,,,
Κώτσηρας Αναστασίου Γεώργιος,Κώτσηρας,Κώτσηρας Γεώργιος,ΝΔ,giorgoskotsiras,@giorgoskotsiras,@giorgoskotsiras,,,,,
Λιάκος Γεωργίου Ευάγγελος,Λιάκος,Λιάκος Ευάγγελος,ΝΔ,liakosev,@adiavroxoi,@antonisliakos,@adiavroxoi,@antonisliakos,,,
Λιβανός Διονυσίου Σπυρίδωνας-Παναγιώτης (Σπήλιος),Λιβανός,Λιβανός Σπήλιος,ΝΔ,SpiliosL,@MLIVANOSGR,@kympouropoulos,@MLIVANOSGR,@JK155MjxreG8gGk,,,
Σαλμάς Γεωργίου Μάριος,Σαλμάς,Σαλμάς Μάριος,ΝΔ,salmasmarios,@SalmasMarios,,,,,,
Καραγκούνης Ανδρέα Κωνσταντίνος,Καραγκούνης,Καραγκούνης Κωνσταντίνος,ΝΔ,k_karagounis,@KaragkounisKara,@supermariohezonja,@a,@k_karagounis,@k_karagounis,,
Ανδριανός Σωτηρίου Ιωάννης,Ανδριανός,Ανδριανός Ιωάννης,ΝΔ,,@Astrovenator,@andrkary,@andrianosleonid,@Adridiaz_20,,,
Βλάσης Γεωργίου Κωνσταντίνος,Βλάσης,Βλάσης Κωνσταντίνος,ΝΔ,KostasVlasis,@KostasVlasis,@vlasis_kostouros,@VlassisRassias,@IQ1RkjXsUpcmGpi,,,
Στύλιος Δημοσθένη Γεώργιος,Στύλιος,Στύλιος Γεώργιος,ΝΔ,gstylios,@gstylios,@gstylios,@kympouropoulos,,,,
Αλεξοπούλου Μιχαήλ Χριστίνα,Αλεξοπούλου,Αλεξοπούλου Χριστίνα,ΝΔ,xrisalex,@xrisalex,@xrisalex,@christina,,,,
Κατσανιώτης Ιωάννη Ανδρέας,Κατσανιώτης,Κατσανιώτης Ανδρέας,ΝΔ,katsaniotis,@katsaniotis,@katsaniotis,,,,,
Τσιγκρής Αντωνίου Άγγελος,Τσιγκρής,Τσιγκρής Άγγελος,ΝΔ,tsigris_angelos,@tsigris_angelos,@tsigris_angelos,,,,,
Φωτήλας Ασημάκη Ιάσων,Φωτήλας,Φωτήλας Ιάσων,ΝΔ,IasonFotilas,@IasonFotilas,,,,,,
Κουτσούμπας Βασιλείου Ανδρέας,Κουτσούμπας,Κουτσούμπας Ανδρέας,ΝΔ,kutsubad,@21,,,,,,
Πάτσης Κωνσταντίνου Ανδρέας,Πάτσης,Πάτσης Ανδρέας,ΝΔ,patsis_andreas,@DimPatsis,@patsis_andreas,@patsis_andreas,,,,
Μπλούχος Δημητρίου Κωνσταντίνος,Μπλούχος,Μπλούχος Κωνσταντίνος,ΝΔ,blouchosdrama,,,,,,,
Παππάς Κωνσταντίνου Ιωάννης,Παππάς,Παππάς Ιωάννης,ΝΔ,pappas_ioannis,@nikospappas16,@3pfamilia,@ChrisPappasNH,@AlexiPappas,@AlexiPappas,@cpappas,
Κόνσολας Νικία Εμμανουήλ (Μάνος),Κόνσολας,Κόνσολας Μάνος,ΝΔ,manoskonsolas,@manoskonsolas,,,,,,
Ιατρίδη Ιωάννη Τσαμπίκα (Μίκα),Ιατρίδη,Ιατρίδη Μίκα,ΝΔ,,@vianutr,@eleftheria_elle,,,,,
Υψηλάντης Αναστασίου Βασίλειος - Νικόλαος,Υψηλάντης,Υψηλάντης Νικόλαος,ΝΔ,vnaypsilantis,,,,,,,
Δημοσχάκης Σπύρου Αναστάσιος (Τάσος),Δημοσχάκης,Δημοσχάκης Τάσος,ΝΔ,ADimoschakis,@ADimoschakis,,,,,,
Κελέτσης Δημητρίου Σταύρος,Κελέτσης,Κελέτσης Σταύρος,ΝΔ,keletsis,@keletsis,,,,,,
Δερμεντζόπουλος Αλεξάνδρου Χρήστος,Δερμεντζόπουλος,Δερμεντζόπουλος Χρήστος,ΝΔ,ChrisDermen,,,,,,,
Κεδίκογλου Βασιλείου Συμεών (Σίμος),Κεδίκογλου,Κεδίκογλου Σίμος,ΝΔ,SimosKedikoglou,@SimosKedikoglou,,,,,,
Ζεμπίλης Γεωργίου Αθανάσιος,Ζεμπίλης,Ζεμπίλης Αθανάσιος,ΝΔ,than_zebilis,@than_zebilis,,,,,,
Πνευματικός Γεωργίου Σπυρίδωνας,Πνευματικός,Πνευματικός Σπυρίδωνας,ΝΔ,,,,,,,,
Κοντογεώργος Αθανασίου Κωνσταντίνος,Κοντογεώργος,Κοντογεώργος Κωνσταντίνος,ΝΔ,,@dhmoths1998,@dhmoths1998,,,,,
Ακτύπης Δημητρίου Διονύσιος,Ακτύπης,Ακτύπης Διονύσιος,ΝΔ,,@GeorgiosAktipis,@SAktypis,@GeorgiosAktipis,@acci,@GeorgiosAktipis,,
Νικολακόπουλος Θεοδώρου Ανδρέας,Νικολακόπουλος,Νικολακόπουλος Ανδρέας,ΝΔ,anikolakopoulos,@INikolakopoulos,@anikolakopoulos,@anikolakopoulos,@tasosnikolako,@kosnikos,,
Τζαβάρας Γεωργίου Κωνσταντίνος,Τζαβάρας,Τζαβάρας Κωνσταντίνος,ΝΔ,Tzavaraskon,@alextzavaras,@tzcello,@Tzavaraskon,@EvgenTzavaras,@EvgenTzavaras,,
Αυγερινοπούλου Ζήσιμου Διονυσία - Θεοδώρα,Αυγερινοπούλου,Αυγερινοπούλου Θεοδώρα,ΝΔ,avgerinopoulou,@avgerinopoulou,,,,,,
Βεσυρόπουλος Φωτίου Απόστολος,Βεσυρόπουλος,Βεσυρόπουλος Απόστολος,ΝΔ,a_vesiropoulos,@a_vesiropoulos,@atzitzikostas,,,,,
Μπαρτζώκας Στεργίου Αναστάσιος,Μπαρτζώκας,Μπαρτζώκας Αναστάσιος,ΝΔ,t_bartzokas,@t_bartzokas,@bartzokas07091,@bartzokas07091,,,,
Τσαβδαρίδης Γεωργίου Λάζαρος,Τσαβδαρίδης,Τσαβδαρίδης Λάζαρος,ΝΔ,lazarostsavdar1,@TsavdaridisK,,,,,,
Σενετάκης Γεωργίου Μάξιμος,Σενετάκης,Σενετάκης Μάξιμος,ΝΔ,maxsenetakis,@maxsenetakis,@maxsenetakis,,,,,
Αυγενάκης Κωνσταντίνου Ελευθέριος,Αυγενάκης,Αυγενάκης Ελευθέριος,ΝΔ,l_avgenakis,@l_avgenakis,@lefteris_avg,,,,,
Γιόγιακας Νικολάου Βασίλειος,Γιόγιακας,Γιόγιακας Βασίλειος,ΝΔ,giogiakasv,,,,,,,
Γκιουλέκας Πέτρου Κωνσταντίνος,Γκιουλέκας,Γκιουλέκας Κωνσταντίνος,ΝΔ,gioulekaskostas,@gioulekaskostas,@anna_michelle_nd,@gioulekaskostas,@atzitzikostas,,,
Καραμανλής Αλεξάνδρου Κωνσταντίνος,Καραμανλής,Καραμανλής Κωνσταντίνος,ΝΔ,,@karamanlis_k,@karamanlis_k,@alexandros,@roussos_john,@delta_christof,@K_Karamanlis,@aristotelis_rigas
Καλαφάτης Αθανασίου Σταύρος,Καλαφάτης,Καλαφάτης Σταύρος,ΝΔ,KalafatisSt,@KalafatisSt,@losethemap_,@lifeanalytics,@KalafatisSt,,,
Ευθυμίου Ταξιάρχη Άννα,Ευθυμίου,Ευθυμίου Άννα,ΝΔ,AnnaEfthymiou_,@AnnaEfthymiou_,@AnnaEfthymiou_,@5tnxvDp,,,,
Σιμόπουλος Γεωργίου Ευστράτιος (Στράτος),Σιμόπουλος,Σιμόπουλος Στράτος,ΝΔ,efsimopoulos,@efsimopoulos,@efsimopoulos,,,,,
Ράπτη Δημητρίου Ελένη,Ράπτη,Ράπτη Ελένη,ΝΔ,Elena_Rapti,@rapti_elena_official,@raptis_nick,@kympouropoulos,@lefteris_avg,,,
Κούβελας Σωτηρίου Δημήτριος,Κούβελας,Κούβελας Δημήτριος,ΝΔ,dkouvelas,@kouvelasmits,@dkouvelas,,,,,
Καράογλου Γεωργίου Θεόδωρος,Καράογλου,Καράογλου Θεόδωρος,ΝΔ,TheoKaraoglou,@TheoKaraoglou,@TheoKaraoglou,,,,,
Βαρτζόπουλος Χρυσοστόμου Δημήτριος,Βαρτζόπουλος,Βαρτζόπουλος Δημήτριος,ΝΔ,DimVartzopoulos,@DimVartzopoulos,@AdonisGeorgiadi,@DimVartzopoulos,,,,
Αναστασιάδης Ιωάννη Σάββας,Αναστασιάδης,Αναστασιάδης Σάββας,ΝΔ,savanastasiadis,@AnastasiadesCY,@nicosanastasiades,@savanastasiadis,,,,
Κεφαλά Στεφάνου Μαρία - Αλεξάνδρα,Κεφαλά,Κεφαλά Αλεξάνδρα,ΝΔ,,@Kefala_Vas,@cbke7gVaQEBsw4J,,,,,
Καλογιάννης Ελευθερίου Σταύρος,Καλογιάννης,Καλογιάννης Σταύρος,ΝΔ,,@Larissa_Mayor_,@pkalog75,@YiannisKalogian,@agis_k,,,
Τασούλας Αναστασίου Κωνσταντίνος,Τασούλας,Τασούλας Κωνσταντίνος,ΝΔ,,@3a8662b5fdcb4b2,,,,,,
Αμυράς Στυλιανού Γεώργιος,Αμυράς,Αμυράς Γεώργιος,ΝΔ,amirasgiorgos,@amirasgiorgos,@amirasgiorgos,@amirasgiorgos,@amirasgiorgos,@amirasgiorgos,,
Παναγιωτόπουλος Ιωάννη Νικόλαος,Παναγιωτόπουλος,Παναγιωτόπουλος Νικόλαος,ΝΔ,npanagioto,@npanagioto,@npanagioto,@nikos,@DrPanPan,@AdamPanagiotop1,,
Πασχαλίδης Αδάμ Ιωάννης,Πασχαλίδης,Πασχαλίδης Ιωάννης,ΝΔ,pasxalidisjohn,@pasxalidisjohn,,,,,,
Λαζαρίδης Βασιλείου Μακάριος,Λαζαρίδης,Λαζαρίδης Μακάριος,ΝΔ,mvlazaridis,@mvlazaridis,@mvlazaridis,@iosif_lazaridis,@mvlazaridis,,,
Κωτσός Κωνσταντίνου Γεώργιος,Κωτσός,Κωτσός Γεώργιος,ΝΔ,KotsosGiorgos,,,,,,,
Σκόνδρα Κωνσταντίνου Ασημίνα,Σκόνδρα,Σκόνδρα Ασημίνα,ΝΔ,AsiminaSkondra,@mary_sk98,@4dc2c595835c453,,,,,
Τσιάρας Αλεξάνδρου Κωνσταντίνος,Τσιάρας,Τσιάρας Κωνσταντίνος,ΝΔ,tsiaras_kostas,@tsiaras_kostas,,,,,,
Τζηκαλάγιας Γεωργίου Ζήσης,Τζηκαλάγιας,Τζηκαλάγιας Ζήσης,ΝΔ,,,,,,,,
Γκίκας Σωτηρίου Στέφανος,Γκίκας,Γκίκας Στέφανος,ΝΔ,STEFANOS_GIKAS,@STEFANOS_GIKAS,@STEFANOS_GIKAS,@gkikasm,,,,
Καππάτος Σπυρίδωνος-Διονυσίου Παναγής,Καππάτος,Καππάτος Παναγής,ΝΔ,pkappatos,@pkappatos,@KAPPATOSGallery,,,,,
Γεωργαντάς Παύλου Γεώργιος,Γεωργαντάς,Γεωργαντάς Γεώργιος,ΝΔ,georgantasgr,@georgantasgr,@ThemisGeo,@georgantasgr,@ThemisGeo,@Georgadas,,
Βρυζίδου Παναγιώτη Παρασκευή,Βρυζίδου,Βρυζίδου Παρασκευή,ΝΔ,Vrizidou_Vicky,@EordaiaLive,,,,,,
Αμανατίδης Ισαάκ Γεώργιος,Αμανατίδης,Αμανατίδης Γεώργιος,ΝΔ,amanatidis_g,@Amanatidis_Gian,,,,,,
Παπαδόπουλος Γεωργίου Μιχάλης,Παπαδόπουλος,Παπαδόπουλος Μιχάλης,ΝΔ,papadopoulosmix,@GeorgePapa19,@naspap3,@spiros_papadopoulos_official,@NicholasPapadop,@PanosJee,,
Κωνσταντινίδης Κωνσταντίνου Ευστάθιος,Κωνσταντινίδης,Κωνσταντινίδης Ευστάθιος,ΝΔ,Stathis_Konst,@konstandinidis_,@stefkonstantinidis,@KonstantinosK96,@panagiotiskonstantinidistr,@konstandinidis_,,
Σούκουλη - Βιλιάλη Δημητρίου Μαρία Ελένη (Μαριλένα),Σούκουλη,Σούκουλη Μαριλένα,ΝΔ,msoukouli,@msoukouli,@msoukouli,,,,,
Ταγαράς Χρήστου Νικόλαος,Ταγαράς,Ταγαράς Νικόλαος,ΝΔ,TagarasNikos,@TagarasNikos,@contagaras,,,,,
Δήμας Σταύρου Χρίστος,Δήμας,Δήμας Χρίστος,ΝΔ,ChristosDimas_,@ChristosDimas_,@ChristosDimas_,@Pyrros_Dimas,@Pyrros_Dimas,,,
Βρούτσης Βασιλείου Ιωάννης,Βρούτσης,Βρούτσης Ιωάννης,ΝΔ,vroutsisgiannis,@VroutsisGiannis,@VroutsisGiannis,@Dim_vrou,@maikvroytsis,,,
Μονογυιού Αικατερίνη,Μονογυιού,Μονογυιού Αικατερίνη,ΝΔ,MonogiouKateri1,@KMonogiou,@katerina_monogiou,@KMonogiou,,,,
Φόρτωμας Αριστοτέλη Φίλιππος,Φόρτωμας,Φόρτωμας Φίλιππος,ΝΔ,,@philip_fortomas,,,,,,
Κρητικός Δημοσθένη Νεοκλής,Κρητικός,Κρητικός Νεοκλής,ΝΔ,neokliskritikos,@stelioskritikos,@akritiko,@rgos_gio,@KRHTIKOSMARKET,@AnthonyKr_,@Dimitris_K__,
Δαβάκης Παναγιώτη Αθανάσιος,Δαβάκης,Δαβάκης Αθανάσιος,ΝΔ,adavakis,@adavakis,,,,,,
Κέλλας Αχιλλέα Χρήστος,Κέλλας,Κέλλας Χρήστος,ΝΔ,kellas_xristos,@kellas_xristos,@kellas_xristos,,,,,
Μπίζιου Νικολάου Στεργιανή (Στέλλα),Μπίζιου,Μπίζιου Στέλλα,ΝΔ,BiziouStella,,,,,,,
Χαρακόπουλος Παντελή Μάξιμος,Χαρακόπουλος,Χαρακόπουλος Μάξιμος,ΝΔ,pantamaximos,@pantamaximos,@pantamaximos,,,,,
Πλακιωτάκης Ιωσήφ Ιωάννης,Πλακιωτάκης,Πλακιωτάκης Ιωάννης,ΝΔ,g_plakiotakis,@G_Plakiotakis,@G_Plakiotakis,,,,,
Αθανασίου Χριστόφα Χαράλαμπος,Αθανασίου,Αθανασίου Χαράλαμπος,ΝΔ,XarAthan,@XarAthan,@athanasiou_marios,@Athanas_HS,@verou_ath,@XarAthan,@AthanasiouTh,
Καββαδάς Ιωάννη Αθανάσιος,Καββαδάς,Καββαδάς Αθανάσιος,ΝΔ,,,,,,,,
Μπουκώρος Γεωργίου Χρήστος,Μπουκώρος,Μπουκώρος Χρήστος,ΝΔ,chboukoros1,@chboukoros1,@chboukoros1,,,,,
Μαραβέγιας Αριστοτέλη Κωνσταντίνος,Μαραβέγιας,Μαραβέγιας Κωνσταντίνος,ΝΔ,maravegiaskost,@maraveyas,@maraveyas,@NMaravegias,,,,
Μακρή Μιχαήλ Ζωή (Ζέττα),Μακρή,Μακρή Ζέττα,ΝΔ,zettamakri,@nek_123,@rachel_makri,@stelmakri,@zeta_makripoulia_official,@elenasdiary_blog,@MakriFamily,@GabriellaApollon
Λιούπης Κωνσταντίνου Αθανάσιος,Λιούπης,Λιούπης Αθανάσιος,ΝΔ,,@amirasgiorgos,@amirasgiorgos,@amirasgiorgos,,,,
Μαντάς Παντελή Περικλής,Μαντάς,Μαντάς Περικλής,ΝΔ,periklismantas,@dvmantas,@periklismantas,,,,,
Λαμπρόπουλος Δημητρίου Ιωάννης,Λαμπρόπουλος,Λαμπρόπουλος Ιωάννης,ΝΔ,,@KostantinosLabr,@kwn_lampropoulos,@Lampro14,@fanis_labropoulos,@flabropoulos,,
Σαμαράς Κωνσταντίνου Αντώνιος,Σαμαράς,Σαμαράς Αντώνιος,ΝΔ,samaras_antonis,@samaras_antonis,@trifonassamaras,@samaras_antonis,@dimitriskaradimos,@makistriantafyllopoulos,,
Χρυσομάλλης Παναγιώτη Μιλτιάδης (Μίλτος),Χρυσομάλλης,Χρυσομάλλης Μίλτος,ΝΔ,chrysomallism,@nchrisomallis,@nchrisomallis,,,,,
Τσιλιγγίρης Γεωργίου Σπυρίδων (Σπύρος),Τσιλιγγίρης,Τσιλιγγίρης Σπύρος,ΝΔ,,,,,,,,
Σταμενίτης Ευαγγέλου Διονύσιος,Σταμενίτης,Σταμενίτης Διονύσιος,ΝΔ,dionstamenitis,@dionstamenitis,@dionstamenitis,@STAMENITIS1,,,,
Καρασμάνης Αθανασίου Γεώργιος,Καρασμάνης,Καρασμάνης Γεώργιος,ΝΔ,,@TheBenakiMuseum,,,,,,
Βασιλειάδης Νικολάου Βασίλειος (Λάκης),Βασιλειάδης,Βασιλειάδης Λάκης,ΝΔ,lakis_vas,@g_vassiliadis,@g_vassiliadis,@Aggelosvasileia,@giorgio68239342,@micvas2012,,
Μάνη-Παπαδημητρίου Ευαγγέλου ΄Αννα,Μάνη-Παπαδημητρίου,Μάνη-Παπαδημητρίου ΄Αννα,ΝΔ,,@Manijewellers,@chrismpo,@nimatayebian,,,,
Μπαραλιάκος Ελευθερίου Ξενοφών (Φώντας),Μπαραλιάκος,Μπαραλιάκος Φώντας,ΝΔ,fbaraliakos,@fbaraliakos,,,,,,
Χιονίδης Γεωργίου Σάββας,Χιονίδης,Χιονίδης Σάββας,ΝΔ,HionidisSavvas,,,,,,,
Γιαννάκης Κωνσταντίνου Στέργιος,Γιαννάκης,Γιαννάκης Στέργιος,ΝΔ,stergiannakis,@lasergiannakis,@CvJDxnlr2votZ0f,@kgiannakis,@sgtank96,,,
Κεφαλογιάννης Αχιλλέα Ιωάννης,Κεφαλογιάννης,Κεφαλογιάννης Ιωάννης,ΝΔ,gkefalogiannis,@M_Kefalogiannis,@kefalogiannis_,,,,,
Στυλιανίδης Στυλιανού Ευριπίδης,Στυλιανίδης,Στυλιανίδης Ευριπίδης,ΝΔ,e_stylianidis,@e_stylianidis,@e_stylianidis,@StylianidisSt,@StylianidesEU,,,
Στεφανάδης Ισιδώρου Χριστόδουλος,Στεφανάδης,Στεφανάδης Χριστόδουλος,ΝΔ,ChStefanadis,@ChStefanadis,,,,,,
Λεονταρίδης Χρήστου Θεόφιλος,Λεονταρίδης,Λεονταρίδης Θεόφιλος,ΝΔ,The_Leontaridis,@The_Leontaridis,@The_Leontaridis,,,,,
Καραμανλής Αχιλλέα Κωνσταντίνος,Καραμανλής,Καραμανλής Κωνσταντίνος,ΝΔ,karamanlis_k,@karamanlis_k,@karamanlis_k,@alexandros,@roussos_john,@delta_christof,@K_Karamanlis,@aristotelis_rigas
Αραμπατζή Αθανασίου Φωτεινή,Αραμπατζή,Αραμπατζή Φωτεινή,ΝΔ,ArampatziFotini,@arampatzifoteini,@ArampatziFotini,@XArampatzi,,,,
Χατζηβασιλείου Γεωργίου Αναστάσιος (Τάσος),Χατζηβασιλείου,Χατζηβασιλείου Τάσος,ΝΔ,tasos_chatziv,@vikyhatzivasiliou,@omorfamystika,@omorfamystika,@OpenNewsGr,,,
Λιούτας Αχιλλέως Αθανάσιος,Λιούτας,Λιούτας Αθανάσιος,ΝΔ,,@edailygr,@marixana,,,,,
Σκρέκας Θεοδώρου Κωνσταντίνος,Σκρέκας,Σκρέκας Κωνσταντίνος,ΝΔ,KostasSkrekas,@KostasSkrekas,@KostasSkrekas,,,,,
Παπακώστα - Παλιούρα Δημητρίου Αικατερίνη (Κατερίνα),Παπακώστα,Παπακώστα Κατερίνα,ΝΔ,papakostakater,@toniapap93,@kpapakosta,@toniapap93,,,,
Οικονόμου Δημητρίου Ιωάννης,Οικονόμου,Οικονόμου Ιωάννης,ΝΔ,joikonomou,@dimoikonomu,@dimoikonomu,@OikonomouVasili,@filio_lou,@athinao1konomakou,,
Σταϊκούρας Κωνσταντίνου Χρήστος,Σταϊκούρας,Σταϊκούρας Χρήστος,ΝΔ,cstaikouras,@cstaikouras,@cstaikouras,,,,,
Κοτρωνιάς Νικολάου Γεώργιος,Κοτρωνιάς,Κοτρωνιάς Γεώργιος,ΝΔ,,,,,,,,
Χειμάρας Αθανασίου Θεμιστοκλής (Θέμης),Χειμάρας,Χειμάρας Θέμης,ΝΔ,T_Cheimaras,,,,,,,
Αντωνιάδης Δημητρίου Ιωάννης,Αντωνιάδης,Αντωνιάδης Ιωάννης,ΝΔ,GIANNISFLORINA,@stantoniadis,@Nick_Antoniadis,@antoniadiskost,@loupos,,,
Μπούγας Δημητρίου Ιωάννης,Μπούγας,Μπούγας Ιωάννης,ΝΔ,ioannis_mpougas,@takisbougas1,@ioannis_mpougas,@ioannis_mpougas,@kbougas,@infobougas,,
Βαγιωνάς Κωνσταντίνου Γεώργιος,Βαγιωνάς,Βαγιωνάς Γεώργιος,ΝΔ,GVagionas,@vouliwatch,@GVagionas,,,,,
Διγαλάκης Βασιλείου Βασίλειος,Διγαλάκης,Διγαλάκης Βασίλειος,ΝΔ,vdigalakis,@vdigalakis,@vdigalakis,,,,,
Μπακογιάννη Κωνσταντίνου Θεοδώρα (Ντόρα),Μπακογιάννη,Μπακογιάννη Ντόρα,ΝΔ,Dora_Bakoyannis,@Dora_Bakoyannis,@dbakoyannis,@Dora_Bakoyannis,,,,
Βολουδάκης Γεωργίου Μανούσος - Κωνσταντίνος,Βολουδάκης,Βολουδάκης Κωνσταντίνος,ΝΔ,MVoloudakis,@MVoloudakis,,,,,,
Μηταράκης Αντωνίου Παναγιώτης (Νότης),Μηταράκης,Μηταράκης Νότης,ΝΔ,nmitarakis,@nmitarakis,@nmitarakis,@nmitarakis,,,,
Αχτσιόγλου Θεμιστοκλή Ευτυχία,Αχτσιόγλου,Αχτσιόγλου Ευτυχία,ΣΥΡΙΖΑ,E_Achtsioglou,@E_Achtsioglou,@effie,@E_Achtsioglou,,,,
Βασιλικός Νικολάου Βασίλειος (Βασίλης),Βασιλικός,Βασιλικός Βασίλης,ΣΥΡΙΖΑ,,@AVassilikos,,,,,,
Σκουρλέτης Βασιλείου Παναγιώτης (Πάνος),Σκουρλέτης,Σκουρλέτης Πάνος,ΣΥΡΙΖΑ,pskourl,@pskourl,,,,,,
Φλαμπουράρης Γερασίμου Αλέξανδρος,Φλαμπουράρης,Φλαμπουράρης Αλέξανδρος,ΣΥΡΙΖΑ,,,,,,,,
Φίλης Αριστοτέλη Νικόλαος,Φίλης,Φίλης Νικόλαος,ΣΥΡΙΖΑ,nikosfilis1,@nikosfilis1,@ciao,@confilis,@confilis,,,
Τζανακόπουλος Μόσχου Δημήτριος,Τζανακόπουλος,Τζανακόπουλος Δημήτριος,ΣΥΡΙΖΑ,d_tzanakopoulos,@d_tzanakopoulos,@ATzanakopoulos,@d_tzanakopoulos,@ATzanakopoulos,,,
Βερναρδάκης Δημοσθένη Χριστόφορος,Βερναρδάκης,Βερναρδάκης Χριστόφορος,ΣΥΡΙΖΑ,ChVernardakis,@ChVernardakis,@ChVernardakis,,,,,
Βούτσης Γεωργίου Νικόλαος,Βούτσης,Βούτσης Νικόλαος,ΣΥΡΙΖΑ,,,,,,,,
Ζαχαριάδης Εμμανουήλ Κωνσταντίνος,Ζαχαριάδης,Ζαχαριάδης Κωνσταντίνος,ΣΥΡΙΖΑ,CZachariadis,@CZachariadis,@CZachariadis,,,,,
Κατρούγκαλος Στέλιου - Παναγιώτη Γεώργιος,Κατρούγκαλος,Κατρούγκαλος Γεώργιος,ΣΥΡΙΖΑ,gkatr,@gkatr,,,,,,
Ξενογιαννακοπούλου Διονυσίου Μαρία - Ελίζα (Μαριλίζα),Ξενογιαννακοπούλου,Ξενογιαννακοπούλου Μαριλίζα,ΣΥΡΙΖΑ,marilizaxen,,,,,,,
Τσακαλώτος Στεφάνου Ευκλείδης,Τσακαλώτος,Τσακαλώτος Ευκλείδης,ΣΥΡΙΖΑ,tsakalotos,@tsakalotos,@tsakalotos,@tsakalotos,,,,
Καφαντάρη Φωτίου Χαρούλα (Χαρά),Καφαντάρη,Καφαντάρη Χαρά,ΣΥΡΙΖΑ,,,,,,,,
Παπαχριστόπουλος Θεμιστοκλή Αθανάσιος (Θανάσης),Παπαχριστόπουλος,Παπαχριστόπουλος Θανάσης,ΣΥΡΙΖΑ,PapachristTh,@PapachristTh,@PapachristTh,,,,,
Δραγασάκης Ανδρέα Ιωάννης,Δραγασάκης,Δραγασάκης Ιωάννης,ΣΥΡΙΖΑ,YDragasakis,@YDragasakis,@RealPolitik_gr,@YDragasakis,@AvgiOnline,,,
Βίτσας Αθανασίου Δημήτριος,Βίτσας,Βίτσας Δημήτριος,ΣΥΡΙΖΑ,dimitrisvitsas,@dimitrisvitsas,@dimitrisvitsas,,,,,
Παππάς Στυλιανού Νικόλαος,Παππάς,Παππάς Νικόλαος,ΣΥΡΙΖΑ,nikospappas16,@nikospappas16,@3pfamilia,@ChrisPappasNH,@AlexiPappas,@AlexiPappas,@cpappas,
Μουζάλας Ευστράτιου Ιωάννης,Μουζάλας,Μουζάλας Ιωάννης,ΣΥΡΙΖΑ,imouzalas,@imouzalas,,,,,,
Μπαλάφας Περικλή Ιωάννης,Μπαλάφας,Μπαλάφας Ιωάννης,ΣΥΡΙΖΑ,ybalafas,@leonidasbalafas,@ybalafas,,,,,
Φωτίου Βασιλείου Θεανώ,Φωτίου,Φωτίου Θεανώ,ΣΥΡΙΖΑ,TheanoFotiou,@Sevasti1984,@TheanoFotiou,,,,,
Χρηστίδου Δημητρίου Ραλλία,Χρηστίδου,Χρηστίδου Ραλλία,ΣΥΡΙΖΑ,Ral_Christidou,@sissychristidou,@SissyChristidou,@SissyChristidou,@Ral_Christidou,@Gewhris,@gewrgiaxri1996,
Δρίτσας Παναγιώτη Θεόδωρος,Δρίτσας,Δρίτσας Θεόδωρος,ΣΥΡΙΖΑ,,@teodritsas,,,,,,
Κασιμάτη Γεωργίου Ειρήνη (Νίνα),Κασιμάτη,Κασιμάτη Νίνα,ΣΥΡΙΖΑ,ninakasimati,@ninakasimati,@NancyKasimati,@ninakasimati,,,,
Αλεξιάδης Ζαφειρίου Τρύφων,Αλεξιάδης,Αλεξιάδης Τρύφων,ΣΥΡΙΖΑ,,@tralexiadis,@apoalexiadis,@AleAlexiadis,,,,
Ραγκούσης Νικολάου Ιωάννης,Ραγκούσης,Ραγκούσης Ιωάννης,ΣΥΡΙΖΑ,gragkousis,@gragkousis,,,,,,
Σκουρολιάκος Λουκά Παναγιώτης (Πάνος),Σκουρολιάκος,Σκουρολιάκος Πάνος,ΣΥΡΙΖΑ,PanosSkourolia1,@tJ9McRK92J51eyA,@PanosSkourolia1,,,,,
Σπίρτζης Παναγιώτη Χρήστος,Σπίρτζης,Σπίρτζης Χρήστος,ΣΥΡΙΖΑ,c_spirtzis,@c_spirtzis,@KontraChannel,@alexistsipras,@rena,@jsarakiotis,@mariaapatzidi,
Αθανασίου Ευθυμίου Αθανάσιος (Νάσος),Αθανασίου,Αθανασίου Νάσος,ΣΥΡΙΖΑ,nasosa8anasiou,@athanasiou_marios,@Athanas_HS,@XarAthan,@XarAthan,@AthanasiouTh,@athanasiou_a,
Τσίπρας Ηρακλή Γεώργιος,Τσίπρας,Τσίπρας Γεώργιος,ΣΥΡΙΖΑ,giorgostsipras,@atsipras,@alexistsipras,@tsipras_eu,@kalimeraellada_ant1,,,
Βαρεμένος Βασιλείου Γεώργιος,Βαρεμένος,Βαρεμένος Γεώργιος,ΣΥΡΙΖΑ,GVaremenos,@GVaremenos,@GVaremenos,,,,,
Μωραΐτης Χρήστου Αθανάσιος (Θάνος),Μωραΐτης,Μωραΐτης Θάνος,ΣΥΡΙΖΑ,thanos_moraitis,@Nikosmoraitis,@d_moraitis21,@thanos_moraitis,@nikos_moraitis,@Nikosmoraitis,@moraitis_thanos,@oemoral
Γκιόλας Δημητρίου Ιωάννης,Γκιόλας,Γκιόλας Ιωάννης,ΣΥΡΙΖΑ,,,,,,,,
Παπαηλιού Ηλία Γεώργιος,Παπαηλιού,Παπαηλιού Γεώργιος,ΣΥΡΙΖΑ,,,,,,,,
Γεροβασίλη Βασιλείου Όλγα,Γεροβασίλη,Γεροβασίλη Όλγα,ΣΥΡΙΖΑ,olgagerovasili,@olgagerovasili,@olgagerovasili,,,,,
Αναγνωστοπούλου Πέτρου Αθανασία (Σία),Αναγνωστοπούλου,Αναγνωστοπούλου Σία,ΣΥΡΙΖΑ,sia_anag,@sia_anag,@sia_anag,@Marg_Anagnost,,,,
Μάρκου Βασιλείου Κωνσταντίνος,Μάρκου,Μάρκου Κωνσταντίνος,ΣΥΡΙΖΑ,,@emiliosmarku,@α,,,,,
Τσίπρας Παύλου Αλέξιος,Τσίπρας,Τσίπρας Αλέξιος,ΣΥΡΙΖΑ,atsipras,@atsipras,@alexistsipras,@tsipras_eu,@kalimeraellada_ant1,,,
Πούλου Λεωνίδα Παναγιού (Γιώτα),Πούλου,Πούλου Γιώτα,ΣΥΡΙΖΑ,GIOTAPOULOU,@lFLUdMDtvAQ27t9,@eleni,,,,,
Ξανθόπουλος Σάββα Θεόφιλος,Ξανθόπουλος,Ξανθόπουλος Θεόφιλος,ΣΥΡΙΖΑ,Xanthopoulosth,@Xanthopoulosth,@vasilis4xantho,@x2xTraining,,,,
Σαντορινιός Κωνσταντίνου Νεκτάριος,Σαντορινιός,Σαντορινιός Νεκτάριος,ΣΥΡΙΖΑ,nectarsant,@nectarsant,@MariaSpyraki,@nectarsant,,,,
Γκαρά Γεωργίου Αναστασία (Νατάσα),Γκαρά,Γκαρά Νατάσα,ΣΥΡΙΖΑ,NatasaGkara,,,,,,,
Αποστόλου Δημητρίου Ευάγγελος,Αποστόλου,Αποστόλου Ευάγγελος,ΣΥΡΙΖΑ,vag_apos,@vag_apos,@vag_apos,@egerssi,@elena_apostolou,@vicky_apo,,
Χατζηγιαννάκης Ευαγγέλου Μιλτιάδης,Χατζηγιαννάκης,Χατζηγιαννάκης Μιλτιάδης,ΣΥΡΙΖΑ,,@ichatzi,@miltoschatzigiannakis,,,,,
Καλαματιανός Χρήστου Διονύσιος-Χαράλαμπος,Καλαματιανός,Καλαματιανός Διονύσιος-Χαράλαμπος,ΣΥΡΙΖΑ,dckalamatianos,,,,,,,
Καρασαρλίδου Γεωργίου Ευφροσύνη (Φρόσω),Καρασαρλίδου,Καρασαρλίδου Φρόσω,ΣΥΡΙΖΑ,FKarasarlidou,,,,,,,
Ηγουμενίδης Εμμανουήλ Νικόλαος,Ηγουμενίδης,Ηγουμενίδης Νικόλαος,ΣΥΡΙΖΑ,IgoumenidisN,@IgoumenidisN,,,,,,
Βαρδάκης Δημητρίου Σωκράτης,Βαρδάκης,Βαρδάκης Σωκράτης,ΣΥΡΙΖΑ,sokrvardakis,@sokrvardakis,@gevardakis,@sokrvardakis,,,,
Μαμουλάκης Αντωνίου Χαράλαμπος (Χάρης),Μαμουλάκης,Μαμουλάκης Χάρης,ΣΥΡΙΖΑ,Mamoulakis,@Mamoulakis,@Mamoulakis,,,,,
Κάτσης Σπυρίδωνος Μάριος,Κάτσης,Κάτσης Μάριος,ΣΥΡΙΖΑ,marios_katsis,@marios_katsis,,,,,,
Ζουράρης Γεωργίου Κωνσταντίνος,Ζουράρης,Ζουράρης Κωνσταντίνος,ΣΥΡΙΖΑ,,,,,,,,
Γιαννούλης Ιωάννη Χρήστος,Γιαννούλης,Γιαννούλης Χρήστος,ΣΥΡΙΖΑ,giannoul,@giannoul,@larentzakis_5,@giannoul,@ZeusDion,,,
Αμανατίδης Γεωργίου Ιωάννης,Αμανατίδης,Αμανατίδης Ιωάννης,ΣΥΡΙΖΑ,amanatidis_gian,@Amanatidis_Gian,,,,,,
Νοτοπούλου Παναγιώτη Αικατερίνη (Κατερίνα),Νοτοπούλου,Νοτοπούλου Κατερίνα,ΣΥΡΙΖΑ,katenotopoulou,@katenotopoulou,@notopoulou_katerina,@katenotopoulou,,,,
Τριανταφυλλίδης Γεωργίου Αλέξανδρος (Αλέκος),Τριανταφυλλίδης,Τριανταφυλλίδης Αλέκος,ΣΥΡΙΖΑ,tr_alexandros,@tr_alexandros,@theo,@tr_alexandros,@TriantafilidisG,,,
Φάμελλος Πέτρου Σωκράτης,Φάμελλος,Φάμελλος Σωκράτης,ΣΥΡΙΖΑ,sfamellos,@SFamellos,,,,,,
Αυγέρη Πέτρου Θεοδώρα (Δώρα),Αυγέρη,Αυγέρη Δώρα,ΣΥΡΙΖΑ,davgeri,@davgeri,@davgeri,,,,,
Τζούφη Στεφάνου Μερόπη,Τζούφη,Τζούφη Μερόπη,ΣΥΡΙΖΑ,meropitzoufi,@meropitzoufi,@RThessaloniki,,,,,
Ελευθεριάδου Παύλου Σουλτάνα,Ελευθεριάδου,Ελευθεριάδου Σουλτάνα,ΣΥΡΙΖΑ,teleftheriadou,@teleftheriadou,@teleftheriadou,@tania,@teleftheriadou,,,
Λάππας Ευαγγέλου Σπυρίδωνας,Λάππας,Λάππας Σπυρίδωνας,ΣΥΡΙΖΑ,spyroslappas1,@aris_lappino,,,,,,
Τελιγιορίδου Ιωάννη Ολυμπία,Τελιγιορίδου,Τελιγιορίδου Ολυμπία,ΣΥΡΙΖΑ,teligioridou,@teligioridou,,,,,,
Αυλωνίτης Νικολάου Αλέξανδρος - Χρήστος,Αυλωνίτης,Αυλωνίτης Χρήστος,ΣΥΡΙΖΑ,a_avlonitis,@tasos_avlonitis,@TasosAvlonitis,@a_avlonitis,@TasosAvlonitis,@PetrosAvlonitis,@PetrosAulonitis,
Αγαθοπούλου Δημητρίου Ειρήνη-Ελένη,Αγαθοπούλου,Αγαθοπούλου Ειρήνη-Ελένη,ΣΥΡΙΖΑ,iriniagath,@iriniagath,@iriniagath,,,,,
Βέτα Δημητρίου Καλλιόπη,Βέτα,Βέτα Καλλιόπη,ΣΥΡΙΖΑ,,@betaworldpeace,@betadotmn,@PhiBetaKappa,@pbs_1914,@nationalbeta,@BetaThetaPi,
Ψυχογιός Κωνσταντίνου Γεώργιος,Ψυχογιός,Ψυχογιός Γεώργιος,ΣΥΡΙΖΑ,g_psychogios,@PsichogiosBooks,@ePsichogios,@nespresso,,,,
Συρμαλένιος Ευαγγέλου Νικόλαος,Συρμαλένιος,Συρμαλένιος Νικόλαος,ΣΥΡΙΖΑ,syrmal2000,@syrmal2000,,,,,,
Αραχωβίτης Γεωργίου Σταύρος,Αραχωβίτης,Αραχωβίτης Σταύρος,ΣΥΡΙΖΑ,,,,,,,,
Βαγενά Κηλαηδόνη χήρα Λουκιανού Άννα,Βαγενά,Βαγενά Άννα,ΣΥΡΙΖΑ,annavayena,@georgiavayena,@annavayena,@ElizaBVagena,,,,
Κόκκαλης Κωνσταντίνου Βασίλειος,Κόκκαλης,Κόκκαλης Βασίλειος,ΣΥΡΙΖΑ,vasiliskokkalhs,@PetrosKokkalis,@nicolas,@PetrosKokkalis,@thanokokkalis,@VASILISKOKKALHS,,
Θραψανιώτης Μιχαήλ Εμμανουήλ,Θραψανιώτης,Θραψανιώτης Εμμανουήλ,ΣΥΡΙΖΑ,,,,,,,,
Μπουρνούς Δημητρίου Ιωάννης,Μπουρνούς,Μπουρνούς Ιωάννης,ΣΥΡΙΖΑ,alterglobal,@alterglobal,@alterglobal,,,,,
Μεϊκόπουλος Μιχαήλ Αλέξανδρος,Μεϊκόπουλος,Μεϊκόπουλος Αλέξανδρος,ΣΥΡΙΖΑ,A_Meikopoulos,@VASILISKOKKALHS,,,,,,
Παπανάτσιου Στέργιου Αικατερίνη,Παπανάτσιου,Παπανάτσιου Αικατερίνη,ΣΥΡΙΖΑ,,,,,,,,
Χαρίτσης Βύρωνα Αλέξανδρος (Αλέξης),Χαρίτσης,Χαρίτσης Αλέξης,ΣΥΡΙΖΑ,alexischaritsis,@alexischaritsis,@alexischaritsis,@alexischaritsis,@alexistsipras,,,
Ζεϊμπέκ Χασάν Χουσεϊν,Ζεϊμπέκ,Ζεϊμπέκ Χουσεϊν,ΣΥΡΙΖΑ,ZeybekHuseyin,@ZeybekHuseyin,,,,,,
Τζάκρη Εμμανουήλ Θεοδώρα,Τζάκρη,Τζάκρη Θεοδώρα,ΣΥΡΙΖΑ,tzakri,@tzakri,@rallia_,@rena,,,,
Σκούφα Δημητρίου Ελισσάβετ (Μπέττυ),Σκούφα,Σκούφα Μπέττυ,ΣΥΡΙΖΑ,BSkoufa,@skoufagallery,,,,,,
Μπάρκας Θεοφάνη Κωνσταντίνος,Μπάρκας,Μπάρκας Κωνσταντίνος,ΣΥΡΙΖΑ,kostasbarkas,@kostasbarkas,@xristosmparkas1,@kostasbarkas,@nikosbarkos,@arbarkas,,
Ξανθός Γεωργίου Ανδρέας,Ξανθός,Ξανθός Ανδρέας,ΣΥΡΙΖΑ,andreasxanthos,@andreasxanthos,@Kbitzenis,@BelalSamsat,,,,
Χαρίτου Αθανασίου Δημήτριος (Τάκης),Χαρίτου,Χαρίτου Τάκης,ΣΥΡΙΖΑ,,@Olgaxaritou_,@LZx9yqRtPWLlta8,@0syGpLpWPFK6pob,,,,
Αβραμάκης Αντωνίου Ελευθέριος,Αβραμάκης,Αβραμάκης Ελευθέριος,ΣΥΡΙΖΑ,,,,,,,,
Παπαδόπουλος Αποστόλου Αθανάσιος (Σάκης),Παπαδόπουλος,Παπαδόπουλος Σάκης,ΣΥΡΙΖΑ,sakis_papad,@GeorgePapa19,@naspap3,@spiros_papadopoulos_official,@NicholasPapadop,@PanosJee,,
Σαρακιώτης Αθανασίου Ιωάννης,Σαρακιώτης,Σαρακιώτης Ιωάννης,ΣΥΡΙΖΑ,jsarakiotis,@JSarakiotis,@jsarakiotis,,,,,
Πέρκα Χαράλαμπου Θεοπίστη (Πέτη),Πέρκα,Πέρκα Πέτη,ΣΥΡΙΖΑ,PetiPerka,,,,,,,
Μάλαμα Ιωάννη Κυριακή,Μάλαμα,Μάλαμα Κυριακή,ΣΥΡΙΖΑ,KiriakiMalama,@AnnieMalama,@KiriakiMalama,@lydiamalama,@mkatsiki68,@sokratismalamas,,
Πολάκης Πέτρου Παύλος,Πολάκης,Πολάκης Παύλος,ΣΥΡΙΖΑ,pavpol2222,@pavpol2222,,,,,,
Μιχαηλίδης Φραγκούλη Ανδρέας,Μιχαηλίδης,Μιχαηλίδης Ανδρέας,ΣΥΡΙΖΑ,,@th2michaelides,@michaelidesa,@alex,@alekos_mich,,,
