Query,Result 1,Result 2,Result 3,Result 4,Result 5,Result 6,Result 7,Result 8,Result 9,Result 10,Result 11,Result 12,Result 13,Result 14,Result 15,Result 16,Result 17,Result 18,Result 19,Result 20
YDragasakis,YDragasakis,,,,,,,,,,,,,,,,,,,
TheanoFotiou,TheanoFotiou,,,,,,,,,,,,,,,,,,,
nikoskotzias,NikosKotzias,FonDaTzel,,,,,,,,,,,,,,,,,,
tasiachristodul,tasiachristodul,,,,,,,,,,,,,,,,,,,
nikosfilis1,nikosfilis1,,,,,,,,,,,,,,,,,,,
chrisvernard,chrisvernard,,,,,,,,,,,,,,,,,,,
tsakalotos,tsakalotos,EuclideTsakalo,RTsakalotos,Tsakalotos1,tsakaloto,HarisTsakalotos,ITsakalotos,Dimitristsakal2,,,,,,,,,,,,
kouroumplis,kouroumplis,LeKouroumplis,GKouroumplis,chriskitougias,lefterios,TKouroumplis,,,,,,,,,,,,,,
nikospappas16,nikospappas16,,,,,,,,,,,,,,,,,,,
pskourl,pskourl,,,,,,,,,,,,,,,,,,,
nikoxy,nikoxy,2365Nikoxy,nikoxy1,Nikola55187508,Nikoxy3,jisofufutura,minecraftNikoxy,,,,,,,,,,,,,
nikos_toskas,nikos_toskas,toskamairy,Nikostoskas1,NikosToskas2,toskasnikos,,,,,,,,,,,,,,,
c_spirtzis,c_spirtzis,mSyslLegZxp56yK,,,,,,,,,,,,,,,,,,
TsironisGianni,TsironisGianni,,,,,,,,,,,,,,,,,,,
EleniAvlonitou,EleniAvlonitou,,,,,,,,,,,,,,,,,,,
annetakavadia,annetakavadia,,,,,,,,,,,,,,,,,,,
giorgoskyritsis,giorgoskyritsis,,,,,,,,,,,,,,,,,,,
olgagerovasili,olgagerovasili,,,,,,,,,,,,,,,,,,,
VasilisTsirkas,VasilisTsirkas,,,,,,,,,,,,,,,,,,,
PanosSkourolia1,PanosSkourolia1,,,,,,,,,,,,,,,,,,,
gpantzas,gpantzas,,,,,,,,,,,,,,,,,,,
sia_anag,sia_anag,,,,,,,,,,,,,,,,,,,
cbgialas,cbgialas,,,,,,,,,,,,,,,,,,,
nectarsant,nectarsant,,,,,,,,,,,,,,,,,,,
kaisasgeorgios,kaisasgeorgios,kaisasgeorgios1,,,,,,,,,,,,,,,,,,
geakriotis,geakriotis,,,,,,,,,,,,,,,,,,,
zoitsa1957,zoitsa1957,,,,,,,,,,,,,,,,,,,
efgeorgopoulou,efgeorgopoulou,,,,,,,,,,,,,,,,,,,
atsipras,atsipras,atsipras2,atsipras_2015,Atsipras1,ProedrosVoulis_,,,,,,,,,,,,,,,
marios_katsis,marios_katsis,mariosneos,,,,,,,,,,,,,,,,,,
amanatidis_gian,Amanatidis_Gian,GianAman,,,,,,,,,,,,,,,,,,
tasoskourakis,tasoskourakis,,,,,,,,,,,,,,,,,,,
MarkosBolaris,MarkosBolaris,markosbolaris1,,,,,,,,,,,,,,,,,,
tr_alexandros,tr_alexandros,Alexandros_TR,AlexandrosTR3,TrAlexandros,TrVMetroix,TR5AtcQelDHDmst,AlexandrosTR1,,,,,,,,,,,,,
sfamellos,SFamellos,sfamellos1,,,,,,,,,,,,,,,,,,
mardas55,mardas55,,,,,,,,,,,,,,,,,,,
meropitzoufi,meropitzoufi,,,,,,,,,,,,,,,,,,,
karagianioa,karagianioa,,,,,,,,,,,,,,,,,,,
FotiniVaki,,,,,,,,,,,,,,,,,,,,
johntheofilakto,johntheofilakto,,,,,,,,,,,,,,,,,,,
mtheleriti,mtheleriti,,,,,,,,,,,,,,,,,,,
syrmal2000,syrmal2000,,,,,,,,,,,,,,,,,,,
annavayena,annavayena,,,,,,,,,,,,,,,,,,,
A_Meikopoulos,A_Meikopoulos,,,,,,,,,,,,,,,,,,,
gkatr,gkatr,IXNuCL8n5GKAtrZ,ChaitanyaGKatr1,rgoHMZ7qh5GKAtr,20gkatr,Gkatr1498634,gkatrach,,,,,,,,,,,,,
pkonstantineas7,pkonstantineas7,Pkonstantineas1,,,,,,,,,,,,,,,,,,
elen_stamataki,elen_stamataki,elenstamataki,,,,,,,,,,,,,,,,,,
Ggennia,Ggennia,Ggennia80,,,,,,,,,,,,,,,,,,
dimitrisvitsas,dimitrisvitsas,,,,,,,,,,,,,,,,,,,
ninemesis,ninemesis,,,,,,,,,,,,,,,,,,,
tzakri,tzakri,mtzakri,tzakri1982,talalz82,MaryTzakri,stamatia_tzakri,,,,,,,,,,,,,,
Kastoris_Aster,Kastoris_Aster,,,,,,,,,,,,,,,,,,,
kostasbarkas,kostasbarkas,,,,,,,,,,,,,,,,,,,
andreasxanthos,andreasxanthos,,,,,,,,,,,,,,,,,,,
dsevastakis,dsevastakis,,,,,,,,,,,,,,,,,,,
p_dritseli,p_dritseli,,,,,,,,,,,,,,,,,,,
xrsimorelis,XrSimorelis,,,,,,,,,,,,,,,,,,,
akaranastasis,akaranastasis,,,,,,,,,,,,,,,,,,,
dimvett,,,,,,,,,,,,,,,,,,,,
Michelis_Athan,,,,,,,,,,,,,,,,,,,,
jsarakiotis,JSarakiotis,JSarakiotis1,,,,,,,,,,,,,,,,,,
R3Jg3EsgrBewHc9,R3Jg3EsgrBewHc9,,,,,,,,,,,,,,,,,,,
k0stopanagiotou,k0stopanagiotou,,,,,,,,,,,,,,,,,,,
igglezikaterina,igglezikaterina,,,,,,,,,,,,,,,,,,,
g_stathakis,g_stathakis,Stathakis_G,Malcome3g9eeSta,Stathakisg1,G2CM2D,,,,,,,,,,,,,,,
pavpol2222,pavpol2222,,,,,,,,,,,,,,,,,,,
fortsakis,fortsakis,sfortsakis,pfortsa,SteliosFortsak1,CFortsakis,,,,,,,,,,,,,,,
stamatis_dim,stamatis_dim,StamatisDim,stimakos,Dim_Stamatis,StamatDim,DimStamatis,,,,,,,,,,,,,,
nkerameus,nkerameus,,,,,,,,,,,,,,,,,,,
OikonomouB,OikonomouB,oikonomoub7,oikonomoub1,,,,,,,,,,,,,,,,,
olgakef,olgakef,olgakef7,,,,,,,,,,,,,,,,,,
Vkikilias,Vkikilias,,,,,,,,,,,,,,,,,,,
Dora_Bakoyannis,Dora_Bakoyannis,gplevris,,,,,,,,,,,,,,,,,,
NKaklamanis,nkaklamanis,,,,,,,,,,,,,,,,,,,
v_meimarakis,v_meimarakis,,,,,,,,,,,,,,,,,,,
NikosDendias,NikosDendias,nikosdendias1,,,,,,,,,,,,,,,,,,
kmitsotakis,kmitsotakis,Peanut_straydog,nikglykos,PorscheX16,zeros_and_twos,,,,,,,,,,,,,,,
AdonisGeorgiadi,AdonisGeorgiadi,netakias,,,,,,,,,,,,,,,,,,
K_Hatzidakis,K_Hatzidakis,hatzidakis_k,HatzidakisK,,,,,,,,,,,,,,,,,
MVarvitsiotis,MVarvitsiotis,,,,,,,,,,,,,,,,,,,
GKoumoutsakos,GKoumoutsakos,,,,,,,,,,,,,,,,,,,
annakaramanli,AnnaKaramanli,,,,,,,,,,,,,,,,,,,
sofia_voultepsi,Sofia_voultepsi,,,,,,,,,,,,,,,,,,,
AnnaAsimakopoul,AnnaAsimakopoul,,,,,,,,,,,,,,,,,,,
gergiakoumatos,GGiakoumatos,GerGiakoumatos,,,,,,,,,,,,,,,,,,
salmasmarios,SalmasMarios,,,,,,,,,,,,,,,,,,,
k_karagounis,k_karagounis,ArtemisK_SP,eelias_k,giorgiosK23,KaragounisK,Karagounis_K,EzassK,Christos_K007,GooseGKK,K22Mile,tasosclc180k,tasos180k,,,,,,,,
KostasVlasis,KostasVlasis,Kostasvlasis1,,,,,,,,,,,,,,,,,,
gstylios,gstylios,,,,,,,,,,,,,,,,,,,
MakisVoridis,MakisVoridis,MVoridis,,,,,,,,,,,,,,,,,,
GeorgiaMartinou,GeorgiaMartinou,,,,,,,,,,,,,,,,,,,
Vlachos_G,gigi_vlachos,Vlachos_G,G_Karadzhov,Sotiris_Vlaxos,g_vlach73,Maeldreamer,g_vlachos,Nick_The__G,,,,,,,,,,,,
athbouras,athbouras,,,,,,,,,,,,,,,,,,,
katsaniotis,katsaniotis,sotiris_k,EKatsaniotis,,,,,,,,,,,,,,,,,
IasonFotilas,IasonFotilas,,,,,,,,,,,,,,,,,,,
kutsubad,kutsubad,,,,,,,,,,,,,,,,,,,
kyriazidisdim,kyriazidisdim,,,,,,,,,,,,,,,,,,,
manoskonsolas,manoskonsolas,,,,,,,,,,,,,,,,,,,
ADimoschakis,ADimoschakis,,,,,,,,,,,,,,,,,,,
SimosKedikoglou,SimosKedikoglou,,,,,,,,,,,,,,,,,,,
Tzavaraskon,Tzavaraskon,,,,,,,,,,,,,,,,,,,
a_vesiropoulos,a_vesiropoulos,,,,,,,,,,,,,,,,,,,
l_avgenakis,l_avgenakis,,,,,,,,,,,,,,,,,,,
gioulekaskostas,gioulekaskostas,,,,,,,,,,,,,,,,,,,
KalafatisSt,KalafatisSt,,,,,,,,,,,,,,,,,,,
Elena_Rapti,Elena_Rapti,ELENARAPTH,elenarapti94,ELENARAPTI1,elenaarapti,elenarptl,999701984,elenarapti3,elenarapti26,ElenaRapti,RAPTIELENA,rapti_elena,ElenaRapti5,Eleni70Rapti,elenalarisa3,,,,,
TheoKaraoglou,TheoKaraoglou,,,,,,,,,,,,,,,,,,,
savanastasiadis,savanastasiadis,,,,,,,,,,,,,,,,,,,
npanagioto,npanagioto,,,,,,,,,,,,,,,,,,,
marantoniou,MarAntoniou,marantoniou12,,,,,,,,,,,,,,,,,,
ChristosDimas_,ChristosDimas_,christosdimas,christosdimas15,,,,,,,,,,,,,,,,,
vroutsisgiannis,VroutsisGiannis,,,,,,,,,,,,,,,,,,,
adavakis,adavakis,,,,,,,,,,,,,,,,,,,
pantamaximos,pantamaximos,,,,,,,,,,,,,,,,,,,
kellas_xristos,kellas_xristos,,,,,,,,,,,,,,,,,,,
g_plakiotakis,G_Plakiotakis,PlakiotakisG,,,,,,,,,,,,,,,,,,
XarAthan,XarAthan,Xarathan_,,,,,,,,,,,,,,,,,,
chboukoros1,chboukoros1,,,,,,,,,,,,,,,,,,,
samaras_antonis,samaras_antonis,AntonisSamaras,Anton1sSamaras,samaras4949,AntonisSamaras2,antonis_samaras,antonis0samaras,NDSamaras,asamaras76,antonissamaras3,antonissamaras1,aek21_antonis,antonisamaras,antonisam121,,,,,,
katsafados,Greenlife4u,V_Katsafados,JGTnUSgluaNUtEN,ChrisKatsafados,katsafados,kayybabe100,LKatsafados,GreekiLab,KatsafadosPanos,fottiros,kenkats1,StamRevan,NikosKatsafados,pank2903,fados56,Katsafados7,indigo_xm,DanielKatsafad1,bieberbuddies15,Katsafados_7
gkefalogiannis,gkefalogiannis,,,,,,,,,,,,,,,,,,,
ArampatziFotini,ArampatziFotini,,,,,,,,,,,,,,,,,,,
KostasSkrekas,KostasSkrekas,jE8sJETufgkFgIL,,,,,,,,,,,,,,,,,,
cstaikouras,cstaikouras,,,,,,,,,,,,,,,,,,,
GVagionas,GVagionas,GvagionasGeorge,,,,,,,,,,,,,,,,,,
nmitarakis,nmitarakis,migrationgovgr,,,,,,,,,,,,,,,,,,
kat_markou,kat_markou,,,,,,,,,,,,,,,,,,,
theocharop,chtheo53,TonyTheocharop1,JohnTheocharop1,,,,,,,,,,,,,,,,,
KSkandalidis,KSkandalidis,,,,,,,,,,,,,,,,,,,
FofiGennimata,FofiGennimata,fgennimata,FofiGennimata1,,,,,,,,,,,,,,,,,
a_loverdos,a_loverdos,CLoverdos,,,,,,,,,,,,,,,,,,
dkonstantop,dkonstantop,,,,,,,,,,,,,,,,,,,
Yannis_Maniatis,Yannis_Maniatis,ManiatisYannis,NOtU87,YannisManiatis,YManiatis,,,,,,,,,,,,,,,
Odysseas_,odyslam_,Odysseas_,vlachOD1mos,OdysseasKing,OdysseasAngeli4,lostodysseas,PMoysidis,ghostmeet,999odysseas,RealOdysseas,ODigbassanis,odyvarv,NosOdysseas,OdysseasCh,OdysseasSter,condo_authority,AndreasOdysseas,odypav,OdysseasP,OdyRehab
evichrist,evichrist,evichrist2,evichrist1,,,,,,,,,,,,,,,,,
papatheodorou_t,irenepapatheodo,papatheodorou_t,PapatheodorouT,PapatheodorouT1,theodor67996843,t_papatheod,,,,,,,,,,,,,,
xarakefalidou,xarakefalidou,,,,,,,,,,,,,,,,,,,
KremastinosD,KremastinosD,,,,,,,,,,,,,,,,,,,
koutsoukosilia,koutsoukosilia,,,,,,,,,,,,,,,,,,,
bkegeroglou,BKegeroglou,,,,,,,,,,,,,,,,,,,
EVENIZELOS,EVenizelos,venizelos_e,,,,,,,,,,,,,,,,,,
Arvanitidis_Geo,GeoArvanitidis,Arvanitidis_Geo,arvanitidis_g,Geo_Audio,Geo_arvanitidis,,,,,,,,,,,,,,,
lgrigorakos,lgrigorakos,,,,,,,,,,,,,,,,,,,
mtzelepis,MTZELEPIS,MTZELEPIS1,,,,,,,,,,,,,,,,,,
PappasXA,SandyPappasxa5W,,,,,,,,,,,,,,,,,,,
GermenisGiorgos,,,,,,,,,,,,,,,,,,,,
ipanagiotaros,,,,,,,,,,,,,,,,,,,,
EleniZaroulia,,,,,,,,,,,,,,,,,,,,
IliasKasidiaris,IliasKasidiaris,PorscheX16,,,,,,,,,,,,,,,,,,
AntonisGregos,,,,,,,,,,,,,,,,,,,,
IAIVATIDIS,,,,,,,,,,,,,,,,,,,,
xa_kilkis,,,,,,,,,,,,,,,,,,,,
Panagiotisiliop,,,,,,,,,,,,,,,,,,,,
elenakountoura,ElenaKountoura,,,,,,,,,,,,,,,,,,,
panoskammenos,PanosKammenos,panoskammenos2,panoskammenos83,panoskammenos1,Panoskammenos3,FonDaTzel,,,,,,,,,,,,,,
vasiliskokkalhs,VASILISKOKKALHS,,,,,,,,,,,,,,,,,,,
MariaKolliaTsar,MariaKolliaTsar,KolliaTsar,,,,,,,,,,,,,,,,,,
ProedrosEK,ProedrosEK,,,,,,,,,,,,,,,,,,,
fokas_aris,aris_fokas,fokasmail,arisfokas,aris1aris,Arisg_21,fokasaris,,,,,,,,,,,,,,
spyroslykoudis,SpyrosLykoudis,,,,,,,,,,,,,,,,,,,
grpsarianos,grpsarianos,,,,,,,,,,,,,,,,,,,
amirasgiorgos,amirasgiorgos,,,,,,,,,,,,,,,,,,,
mavrogiorgos,Mavrogiorgos,nimavro,erpeto,G_Mavrogiorgos,mavrosyia,KMavrogiorgos,DMavrogiorgos,Mavrogiorgos_G,AlexMavrogiorg1,kostism,DemiMavrogiorg1,mavrog1orgos,AlexMavrogiorg3,VMavrogiorgos,JimDmavrog,IoannisMavrog,GMavrogiorgos,georgemavrogio1,Mavrogiorgos79,blackgiorgio
spyrosdanellis,SpyrosDanellis,,,,,,,,,,,,,,,,,,,
St_Theodorakis,St_Theodorakis,StTheodorakis,SpStD9,,,,,,,,,,,,,,,,,
PanagoulisSt,,,,,,,,,,,,,,,,,,,,
kpapakosta,kpapakosta,kpapakosta76,,,,,,,,,,,,,,,,,,
htheoharis,htheoharis,HarryTh_Social,,,,,,,,,,,,,,,,,,
NikNikolopoulos,NikNikolopoulos,niknikolopoulo1,,,,,,,,,,,,,,,,,,
barbarousis,sta_ba11,LeoBarbarousis,BarbarousisT,BarbarousisAlex,9Thodwris,AlexBarbarousis,IoannisFX,BarbarousisG,Johnysnick,NBarbarousis,DajanaLila13,BBarbarousis,ThanosBarbarou1,ABarbarousis,FanisHouse,kafesbarbarousi,dbarbarousis,Purple_the_cat,basilisbarb29,BarbarousisV
