screen_name,id,protected,real_name,name,Greeklish,Uppercase,Different_Name
ViliardosV,174226430,False,Βιλιάρδος Βασίλειος,Βασίλης Βιλιάρδος,False,False,True
anaik2020,1168241295149740038,False,Αλεξοπούλου Αικατερίνη,ANASTASIA-EKATERINI ALEXOPOULOU,True,True,True
MariaAt03902914,1153988844498444288,False,Αθανασίου Μαρία,Maria Athanasiou- ΕΛΛΗΝΙΚΗ ΛΥΣΗ,True,False,False
B3Vagenas,1302266183790604290,False,Βαγενάς Δημήτριος,Δημητρης Βαγενας,False,False,True
SofAsimak,1148229718627540992,False,Ασημακοπούλου Χάιδω,ΣΟΦΙΑ ΑΣΗΜΑΚΟΠΟΥΛΟΥ - ΕΛΛΗΝΙΚΗ ΛΥΣΗ,False,True,True
AntMylonakis,501969331,False,Μυλωνάκης Αντώνιος,Antonios Mylonakis,True,False,False
avdelas_ap,1254725873456078855,False,Αβδελάς Απόστολος,Αβδελάς Απόστολος,False,False,False
ChitasKostas,366594800,False,Χητάς Κωνσταντίνος,Chitas Constantinos,True,False,True
velopky,579067205,False,Βελόπουλος Κυριάκος,Βελόπουλος Κυριάκος Πρόεδρος ΕΛΛΗΝΙΚΗ ΛΥΣΗ,False,False,False
kostasmpoumpas,1165984732045369344,False,Μπούμπας Κωνσταντίνος,ΚΩΣΤΑΣ ΜΠΟΥΜΠΑΣ,False,True,False
Arvanitidis_Geo,269667949,False,Αρβανιτίδης Γεώργιος,George Arvanitidis,True,False,True
ILHANAHMET,102001522,False,Αχμέτ Ιλχάν,Av. ilhan AHMET,True,True,False
FofiGennimata,71482406,False,Γεννηματά Φώφη,Fofi Gennimata,True,False,False
ngiannakopoulou,414090002,False,Γιαννακοπούλου Νάντια,Nadia Giannakopoulou,True,False,False
KaminisG,191033632,False,Καμίνης Γεώργιος,Georgios Kaminis,True,False,False
KastanidisHaris,534632102,False,Καστανίδης Χαράλαμπος,Kastanidis Haris,True,False,True
michaelkatrinis,32475807,False,Κατρίνης Μιχαήλ,Μιχάλης Κατρίνης,False,False,True
BKegeroglou,588106696,False,Κεγκέρογλου Βασίλειος,Βασίλης Κεγκέρογλου,False,False,True
xarakefalidou,4126380982,False,Κεφαλίδου Χαρά,xara_kefalidou,True,False,True
Odysseas_,70713954,False,Κωνσταντινόπουλος Οδυσσέας,ΚΩΝΣΤΑΝΤΙΝΟΠΟΥΛΟΣ ΟΔΥΣΣΕΑΣ,False,True,False
dkonstantop,3308342351,False,Κωνσταντόπουλος Δημήτριος,Δημήτρης Κωνσταντόπουλος,False,False,True
p1l1sulLrVED8tt,1156878352759894016,False,Λιακούλη Ευαγγελία,ΕΥΑΓΓΕΛΙΑ ΛΙΑΚΟΥΛΗ,True,True,False
a_loverdos,225931853,False,Λοβέρδος Ανδρέας,Andreas Loverdos,True,False,False
GMoulkiotis,1191680252201852931,False,Μουλκιώτης Γεώργιος,Γιώργος Μουλκιώτης,False,False,False
BurhanBaranDr,1177124881688866816,False,Μπαράν Μπουρχάν,Burhan Baran,True,False,False
dimitrisbiagkis,1159407842350288896,False,Μπιάγκης Δημήτριος,Δημήτριος Μπιάγκης,False,False,False
PanasApostolos,1259340614,False,Πανάς Απόστολος,Απόστολος Πάνας,False,False,False
GPapandreou,7005602,False,Παπανδρέου Γεώργιος,George A. Papandreou,True,False,True
AndreasPoulas,347951559,False,Πουλάς Ανδρέας,Ανδρέας Πουλάς,False,False,False
KSkandalidis,539098641,False,Σκανδαλίδης Κωνσταντίνος,Kostas Skandalidis,True,False,True
FragidisGeorge,1248746286460919810,False,Φραγγίδης Γεώργιος,Γιώργος Φραγγίδης,False,False,True
KonstantinaAda1,2458564941,False,Αδάμου Κωνσταντίνα,Konstantina Adamou,True,False,False
ApatzidiM,1219343130065014792,False,Απατζίδη Μαρία,Apatzidi_Maria,True,False,False
yanisvaroufakis,124690469,False,Βαρουφάκης Γιάνης,Yanis Varoufakis,True,False,True
GeorgeLogiadis,1168885946361757705,False,Λογιάδης Γεώργιος,George Logiadis,True,False,True
fbakadima,350800867,False,Μπακαδήμα Φωτεινή,Fotini Bakadima,True,False,False
karsenis,92969084,False,Αρσένης Ηλίας,Kriton Arsenis,True,False,True
SofiaSakorafa,533082734,False,Σακοράφα Σοφία,Σοφία Σακοράφα,False,False,False
m_giannakou,886723075,False,Γιαννάκου Μαριέττα,Marietta Giannakou,True,False,False
theodorikakosp,1149205366930071552,False,Θεοδωρικάκος Τάκης,Τάκης Θεοδωρικάκος,False,False,False
,0,False,Ταραντίλης Χρήστος,,False,False,False
AngelosSyrigos,422814594,False,Συρίγος Άγγελος,Angelos Syrigos,True,False,False
FotiniPipili,481393090,False,Πιπιλή Φωτεινή,FotiniPipili,True,False,True
bogdanosk,53439175,False,Μπογδάνος Κωνσταντίνος,constantinosbogdanos,True,False,True
nkaklamanis,72838721,False,Κακλαμάνης Νικήτας,Νικήτας Κακλαμάνης,False,False,False
olgakef,2365419054,False,Κεφαλογιάννη Όλγα,Όλγα Κεφαλογιάννη,False,False,False
Vkikilias,54283324,False,Κικίλιας Βασίλειος,Vassilis Kikilias,True,False,True
thanosplevris,112445908,False,Πλεύρης Αθανάσιος,Θάνος Πλεύρης,False,False,False
raptizoi,2443992852,False,Ράπτη Ζωή,Ζωή Ράπτη,False,False,False
RoussopoulosTh,1735479950,False,Ρουσόπουλος Θεόδωρος,Θοδωρής Ρουσόπουλος,False,False,True
GKoumoutsakos,633098410,False,Κουμουτσάκος Γεώργιος,Giorgos Koumoutsakos,True,False,True
nkerameus,435737814,False,Κεραμέως Νίκη,Niki Kerameus,True,False,False
DimKairidis,2608056638,False,Καιρίδης Δημήτριος,Dimitris Kairidis - Δημήτρης Καιρίδης,False,False,False
AdonisGeorgiadi,70340615,False,Γεωργιάδης Άδωνις,Άδωνις Γεωργιάδης,False,False,False
K_Hatzidakis,434832879,False,Χατζηδάκης Κωστής,Kostis Hatzidakis,True,False,False
MVarvitsiotis,60591084,False,Βαρβιτσιώτης Μιλτιάδης,Varvitsiotis Miltiadis,True,False,False
YiannisLoverdos,2500320130,False,Λοβέρδος Γιάννης,Γιαννης Λοβερδος,False,False,False
kmitsotakis,14283525,False,Μητσοτάκης Κυριάκος,Kyriakos Mitsotakis,True,False,False
kyranakis,17132736,False,Κυρανάκης Κωνσταντίνος,kyranakis,True,False,True
babis2019,48426854,False,Παπαδημητρίου Μπάμπης,Μπάμπης Παπαδημητρίου,False,False,False
vspanakis,162448017,False,Σπανάκης Πέτρος,Βασίλης Σπανάκης,False,False,True
NikosDendias,236744081,False,Δένδιας Γεώργιος,Nikos Dendias,True,False,False
Sofia_voultepsi,404193258,False,Βούλτεψη Σοφία,Σοφία Βούλτεψη,False,False,False
kallianos,310780249,False,Καλλιάνος Ιωάννης,Γιάννης Καλλιάνος,False,False,True
AnnaKaramanli,478754813,False,Καραμανλή Άννα,Anna Karamanli,True,False,False
htheoharis,107136186,False,Θεοχάρης Χάρης,Harry Theoharis,True,False,True
NoniDounia,1141433832769503238,False,Δούνια Νόνη,Noni Dounia,True,False,False
,0,False,Κατσαφάδος Κωνσταντίνος,,False,False,False
BoutsikakisChr,849286834337271808,False,Μπουτσικάκης Εμμανουήλ,BoutsikakisChristoforos,True,False,True
yiannismelas,197613052,False,Μελάς Ιωάννης,Γιάννης Μελάς,False,False,True
manolakosnik,1246802753759952899,False,Μανωλάκος Νικόλαος,Νίκος Μανωλάκος,False,False,True
MarkopoulosDimi,590082909,False,Μαρκόπουλος Δημήτριος,Markopoulos Dimitris,True,False,True
GeorgiaMartinou,546281641,False,Μαρτίνου Γεωργία,Georgia Martinou,True,False,False
OikonomouVasili,770226983657701377,False,Οικονόμου Βασίλειος,Oikonomou Vasilis,True,False,True
Vlachos_G,2613473180,False,Βλάχος Γεώργιος,ΓΕΩΡΓΙΟΣ ΒΛΑΧΟΣ,False,True,False
MakisVoridis,540179903,False,Βορίδης Μάκης,Makis Voridis,True,False,False
athbouras,2976349222,False,Μπούρας Αθανάσιος,Αθανάσιος Μπούρας,False,False,False
giorgoskotsiras,2445790562,False,Κώτσηρας Γεώργιος,Γιώργος Κώτσηρας,False,False,True
liakosev,480344041,False,Λιάκος Ευάγγελος,VAGGELIS LIAKOS,True,True,True
SpiliosL,1904674254,False,Λιβανός Σπήλιος,Spilios Livanos,True,False,False
SalmasMarios,335179820,False,Σαλμάς Μάριος,Salmas Marios,True,False,False
k_karagounis,805151138,False,Καραγκούνης Κωνσταντίνος,Κώστας Καραγκούνης,False,False,True
KostasVlasis,402714886,False,Βλάσης Κωνσταντίνος,Kostas Vlasis,True,False,True
gstylios,74694195,False,Στύλιος Γεώργιος,Γιώργος Στύλιος,False,False,True
xrisalex,93629265,False,Αλεξοπούλου Χριστίνα,Χριστίνα Αλεξοπούλου,False,False,False
katsaniotis,407091620,False,Κατσανιώτης Ανδρέας,Ανδρέας Κατσανιώτης,False,False,False
tsigris_angelos,409149518,False,Τσιγκρής Άγγελος,Άγγελος Τσιγκρής,False,False,False
IasonFotilas,3063865762,False,Φωτήλας Ιάσων,Iasonas Fotilas,True,False,True
kutsubad,563969004,False,Κουτσούμπας Ανδρέας,Ανδρέας Κουτσούμπας,False,False,False
patsis_andreas,1010930311289556992,False,Πάτσης Ανδρέας,Andreas Patsis,True,False,False
blouchosdrama,2973131037,False,Μπλούχος Κωνσταντίνος,Μπλούχος Κώστας,False,False,True
pappas_ioannis,2960720745,False,Παππάς Ιωάννης,ΙΩΑΝΝΗΣ ΠΑΠΠΑΣ,False,True,False
manoskonsolas,437388094,False,Κόνσολας Μάνος,Manos Konsolas,True,False,False
vnaypsilantis,410883378,False,Υψηλάντης Νικόλαος,Vassilis Ypsilantis,True,False,True
ADimoschakis,2466630270,False,Δημοσχάκης Τάσος,Α.Δημοσχάκης,False,False,True
keletsis,1158632932304674822,False,Κελέτσης Σταύρος,Stavros Keletsis,True,False,False
ChrisDermen,342436250,False,Δερμεντζόπουλος Χρήστος,Chris Dermentzopoulos,True,False,True
SimosKedikoglou,2748749053,False,Κεδίκογλου Σίμος,Simos Kedikoglou,True,False,False
than_zebilis,1137980607496183809,False,Ζεμπίλης Αθανάσιος,Θανασης Ζεμπιλης,False,False,True
anikolakopoulos,1325311602,False,Νικολακόπουλος Ανδρέας,Ανδρέας Νικολακόπουλος,False,False,False
Tzavaraskon,2863966079,False,Τζαβάρας Κωνσταντίνος,Κώστας Τζαβάρας,False,False,True
avgerinopoulou,142677826,False,Αυγερινοπούλου Θεοδώρα,Avgerinopoulou Dion,True,False,True
a_vesiropoulos,560852528,False,Βεσυρόπουλος Απόστολος,Απόστολος Βεσυρόπουλος,False,False,False
t_bartzokas,3410091958,False,Μπαρτζώκας Αναστάσιος,Τάσος Μπαρτζώκας,False,False,True
LazarosTsavdar1,3313931657,False,Τσαβδαρίδης Λάζαρος,Lazaros Tsavdaridis,True,False,False
maxsenetakis,404869413,False,Σενετάκης Μάξιμος,Μάξιμος Σενετάκης,False,False,False
l_avgenakis,706861315344748545,False,Αυγενάκης Ελευθέριος,Lefteris Avgenakis,True,False,True
giogiakasv,907708101872283649,False,Γιόγιακας Βασίλειος,Βασίλειος Γιόγιακας,False,False,False
gioulekaskostas,190278613,False,Γκιουλέκας Κωνσταντίνος,Κώστας Γκιουλέκας,False,False,True
KalafatisSt,484702915,False,Καλαφάτης Σταύρος,Stavros Kalafatis,True,False,False
AnnaEfthymiou_,529702286,False,Ευθυμίου Άννα,Άννα Ευθυμίου,False,False,False
efsimopoulos,110670092,False,Σιμόπουλος Στράτος,Stratos Simopoulos,True,False,False
Elena_Rapti,70973903,False,Ράπτη Ελένη,Elena Rapti,True,False,False
DKouvelas,253261560,False,Κούβελας Δημήτριος,Dimitris Kouvelas,True,False,True
TheoKaraoglou,393292109,False,Καράογλου Θεόδωρος,Theodoros Karaoglou,True,False,False
DimVartzopoulos,927913279,False,Βαρτζόπουλος Δημήτριος,Vartzopoulos,True,False,True
savanastasiadis,852566696,False,Αναστασιάδης Σάββας,Σάββας Αναστασιάδης,False,False,False
amirasgiorgos,75256329,False,Αμυράς Γεώργιος,Γιώργος Αμυράς,False,False,True
npanagioto,2892644871,False,Παναγιωτόπουλος Νικόλαος,N Panagiotopoulos,True,False,False
pasxalidisjohn,557882540,False,Πασχαλίδης Ιωάννης,Γιάννης Πασχαλίδης,False,False,True
mvlazaridis,189807100,False,Λαζαρίδης Μακάριος,Μακάριος Λαζαρίδης 🇬🇷,False,False,False
KotsosGiorgos,1161045320400343040,False,Κωτσός Γεώργιος,Giorgos Kotsos,True,False,True
AsiminaSkondra,1466870311,False,Σκόνδρα Ασημίνα,Ασημίνα Σκόνδρα,False,False,False
tsiaras_kostas,974974055731355654,False,Τσιάρας Κωνσταντίνος,Kostas Tsiaras,True,False,True
STEFANOS_GIKAS,395206721,False,Γκίκας Στέφανος,ΣΤΕΦΑΝΟΣ ΓΚΙΚΑΣ,False,True,False
pkappatos,1173581893079576580,False,Καππάτος Παναγής,Παναγής Καππάτος,False,False,False
georgantasgr,1150728876424867840,False,Γεωργαντάς Γεώργιος,Georgios Georgantas,True,False,True
Vrizidou_Vicky,1734838562,False,Βρυζίδου Παρασκευή,Παρασκευή Βρυζίδου,False,False,False
amanatidis_g,1205419430781628416,False,Αμανατίδης Γεώργιος,Giorgos Amanatidis,True,False,True
PapadopoulosMix,547869595,False,Παπαδόπουλος Μιχάλης,Mixalis Papadopoulos,True,False,False
Stathis_Konst,557560811,False,Κωνσταντινίδης Ευστάθιος,S K. Konstantinidis,True,False,True
msoukouli,532337898,False,Σούκουλη Μαριλένα,Μαριλένα Σούκουλη Βιλιαλη,False,False,False
TagarasNikos,552151981,False,Ταγαράς Νικόλαος,Νίκος Ταγαράς,False,False,True
ChristosDimas_,491550694,False,Δήμας Χρίστος,Χρίστος Δήμας,False,False,False
VroutsisGiannis,3064827747,False,Βρούτσης Ιωάννης,Yiannis Vroutsis,True,False,True
MonogiouKateri1,1140269473397694471,False,Μονογυιού Αικατερίνη,Monogiou Katerina,True,False,True
neokliskritikos,1139451418975330305,False,Κρητικός Νεοκλής,Νεοκλής Κριτικός,False,False,False
adavakis,444707209,False,Δαβάκης Αθανάσιος,Θανάσης Π. Δαβάκης,False,False,True
kellas_xristos,545356505,False,Κέλλας Χρήστος,Κέλλας Χρήστος,False,False,False
BiziouStella,759834368168910849,False,Μπίζιου Στέλλα,BiziouStella,True,False,True
pantamaximos,2969916503,False,Χαρακόπουλος Μάξιμος,Μάξιμος Χαρακόπουλος,False,False,False
G_Plakiotakis,558383750,False,Πλακιωτάκης Ιωάννης,Giannis Plakiotakis,True,False,True
XarAthan,2840171877,False,Αθανασίου Χαράλαμπος,Χαράλαμπος Αθανασίου,False,False,False
chboukoros1,982264362,False,Μπουκώρος Χρήστος,Μπουκώρος Χρήστος,False,False,False
maravegiaskost,2959151806,False,Μαραβέγιας Κωνσταντίνος,maravegiaskostas,True,False,True
ZettaMakri,2783917512,False,Μακρή Ζέττα,Ζέττα Μ. Μακρή,False,False,False
periklismantas,196941064,False,Μαντάς Περικλής,Περικλής Μαντάς,False,False,False
samaras_antonis,83656002,False,Σαμαράς Αντώνιος,Σαμαράς Αντώνης,False,False,True
chrysomallism,3405878033,False,Χρυσομάλλης Μίλτος,Miltos Chrysomallis,True,False,False
dionstamenitis,559643881,False,Σταμενίτης Διονύσιος,Διονύσης Σταμενίτης,False,False,False
lakis_vas,961619128237940736,False,Βασιλειάδης Λάκης,Lakis Vasileiadis,True,False,False
fbaraliakos,340183590,False,Μπαραλιάκος Φώντας,Fontas Baraliakos,True,False,False
HionidisSavvas,888762865,False,Χιονίδης Σάββας,Savvas Chionidis,True,False,False
,0,False,Γιαννάκης Στέργιος,,False,False,False
gkefalogiannis,562182659,False,Κεφαλογιάννης Ιωάννης,GiannisKefalogiannis,True,False,True
e_stylianidis,1614767336,False,Στυλιανίδης Ευριπίδης,Ευρ. Στυλιανίδης,False,False,True
ChStefanadis,849094652,False,Στεφανάδης Χριστόδουλος,Ch Stefanadis,True,False,True
The_Leontaridis,540694975,False,Λεονταρίδης Θεόφιλος,Θεόφιλος Λεονταρίδης,False,False,False
karamanlis_k,1156609842888552448,False,Καραμανλής Κωνσταντίνος,Κώστας Καραμανλής,False,False,True
ArampatziFotini,537431019,False,Αραμπατζή Φωτεινή,Fotini Arampatzi,True,False,False
tasos_chatziv,474756525,False,Χατζηβασιλείου Τάσος,Tasos Chatzivasileiou,True,False,False
KostasSkrekas,3041226449,False,Σκρέκας Κωνσταντίνος,Kostas Skrekas,True,False,True
papakostakater,1134005835452076033,False,Παπακώστα Κατερίνα,ΚΑΤΕΡΙΝΑ ΠΑΠΑΚΩΣΤΑ - ΠΑΛΙΟΥΡΑ,False,False,False
joikonomou,265981780,False,Οικονόμου Ιωάννης,Γιάννης Οικονόμου,False,False,True
cstaikouras,84853888,False,Σταϊκούρας Χρήστος,Christos Staikouras,True,False,False
T_Cheimaras,2181688916,False,Χειμάρας Θέμης,Themis Cheimaras,True,False,False
GIANNISFLORINA,779274745854451713,False,Αντωνιάδης Ιωάννης,GIANNIS ANTONIADIS,True,True,True
ioannis_mpougas,947930930202673153,False,Μπούγας Ιωάννης,Ιωάννης Μπούγας,False,False,False
GVagionas,2955647698,False,Βαγιωνάς Γεώργιος,George Vagionas,True,False,True
vdigalakis,2245911122,False,Διγαλάκης Βασίλειος,Βασίλης Διγαλάκης,False,False,True
Dora_Bakoyannis,13766852,False,Μπακογιάννη Ντόρα,Ντόρα Μπακογιάννη,False,False,False
MVoloudakis,21152451,False,Βολουδάκης Κωνσταντίνος,Μανούσος Βολουδάκης,False,False,True
nmitarakis,250518647,False,Μηταράκης Νότης,Νότης Μηταράκης - Notis Mitarachi,False,False,False
E_Achtsioglou,1051860153191096321,False,Αχτσιόγλου Ευτυχία,Έφη Αχτσιόγλου,False,False,True
pskourl,408566492,False,Σκουρλέτης Πάνος,Panos Skourletis,True,False,False
nikosfilis1,2969679155,False,Φίλης Νικόλαος,Νίκος Φίλης,False,False,True
d_tzanakopoulos,801812686954725377,False,Τζανακόπουλος Δημήτριος,Δημήτρης Τζανακόπουλος,False,False,True
ChVernardakis,801796590117801984,False,Βερναρδάκης Χριστόφορος,Χρ.Βερναρδάκης,False,False,True
CZachariadis,204069781,False,Ζαχαριάδης Κωνσταντίνος,Costas  Zachariadis,True,False,True
gkatr,42008209,False,Κατρούγκαλος Γεώργιος,George Katrougalos,True,False,True
marilizaxen,1224671498,False,Ξενογιαννακοπούλου Μαριλίζα,M Xenogiannakopoulou,True,False,True
tsakalotos,2975032769,False,Τσακαλώτος Ευκλείδης,Ευκλείδης Τσακαλώτος | Euclid Tsakalotos,False,False,False
PapachristTh,546169921,False,Παπαχριστόπουλος Θανάσης,Παπαχριστόπουλος Θ.,False,False,True
YDragasakis,806736306,False,Δραγασάκης Ιωάννης,Γιάννης Δραγασάκης,False,False,True
dimitrisvitsas,4031768219,False,Βίτσας Δημήτριος,Δημήτρης Βίτσας,False,False,False
nikospappas16,403331236,False,Παππάς Νικόλαος,Νίκος Παππάς,False,False,True
imouzalas,4187615537,False,Μουζάλας Ιωάννης,Ioannis Mouzalas,True,False,True
ybalafas,1728198787,False,Μπαλάφας Ιωάννης,Balafas Yiannis,True,False,True
TheanoFotiou,631973249,False,Φωτίου Θεανώ,Θεανώ Φωτίου,False,False,False
Ral_Christidou,171176245,False,Χρηστίδου Ραλλία,Rallia Christidou,True,False,False
ninakasimati,267790532,False,Κασιμάτη Νίνα,Νίνα Γ. Κασιμάτη,False,False,False
gragkousis,370616013,False,Ραγκούσης Ιωάννης,Giannis Ragkousis,True,False,True
PanosSkourolia1,3936923243,False,Σκουρολιάκος Πάνος,Panos Skouroliakos,True,False,False
c_spirtzis,758622915965444096,False,Σπίρτζης Χρήστος,Χρήστος Σπίρτζης,False,False,False
nasosa8anasiou,965785002,False,Αθανασίου Νάσος,Νάσος Αθανασίου,False,False,False
giorgostsipras,2960910021,False,Τσίπρας Γεώργιος,Γιώργος Τσίπρας,False,False,True
GVaremenos,1179294218088599552,False,Βαρεμένος Γεώργιος,Giorgos Varemenos,True,False,True
thanos_moraitis,404205439,False,Μωραΐτης Θάνος,Θάνος Μωραΐτης,False,False,False
olgagerovasili,2786227298,False,Γεροβασίλη Όλγα,Όλγα Γεροβασίλη,False,False,False
sia_anag,2427879955,False,Αναγνωστοπούλου Σία,Σία Αναγνωστοπούλου,False,False,False
atsipras,334602996,False,Τσίπρας Αλέξιος,Αλέξης Τσίπρας - Alexis Tsipras,False,False,True
GIOTAPOULOU,567066109,False,Πούλου Γιώτα,ΓΙΩΤΑ ΠΟΥΛΟΥ,False,True,False
Xanthopoulosth,1192464378240614400,False,Ξανθόπουλος Θεόφιλος,Θεόφιλος Ξανθόπουλος,False,False,False
nectarsant,17991384,False,Σαντορινιός Νεκτάριος,Νεκτάριος Σαντορινιός,False,False,False
NatasaGkara,583853188,False,Γκαρά Νατάσα,Natasa Gkara,True,False,False
vag_apos,961900635913424896,False,Αποστόλου Ευάγγελος,Βαγγέλης Αποστόλου,False,False,True
dckalamatianos,2952906353,False,Καλαματιανός Διονύσιος-Χαράλαμπος,DionysisKalamatianos,True,False,True
FKarasarlidou,3105268391,False,Καρασαρλίδου Φρόσω,Froso Karasarlidou,True,False,False
IgoumenidisN,907201823613837312,False,Ηγουμενίδης Νικόλαος,Νίκος Ε. Ηγουμενίδης,False,False,True
sokrvardakis,773986323422146561,False,Βαρδάκης Σωκράτης,Σωκράτης Βαρδάκης,False,False,False
Mamoulakis,823985090925576194,False,Μαμουλάκης Χάρης,Χάρης Μαμουλάκης,False,False,False
marios_katsis,3325625573,False,Κάτσης Μάριος,Marios Katsis,True,False,False
giannoul,359478003,False,Γιαννούλης Χρήστος,Χρήστος Γιαννούλης,False,False,False
Amanatidis_Gian,2192270316,False,Αμανατίδης Ιωάννης,Giannis Amanatidis,True,False,True
katenotopoulou,983983199012425728,False,Νοτοπούλου Κατερίνα,Κατερίνα Νοτοπούλου,False,False,False
tr_alexandros,2662790664,False,Τριανταφυλλίδης Αλέκος,Αλέξανδρος Τριανταφυλλίδης,False,False,True
SFamellos,3034441257,False,Φάμελλος Σωκράτης,Sokratis Famellos,True,False,False
davgeri,357631685,False,Αυγέρη Δώρα,THEODORA AVGERI,True,True,True
meropitzoufi,3096944951,False,Τζούφη Μερόπη,Meropi Tzoufi,True,False,False
teleftheriadou,1293462895842545664,False,Ελευθεριάδου Σουλτάνα,Τάνια Ελευθεριάδου,False,False,True
spyroslappas1,1232684640202317825,False,Λάππας Σπυρίδωνας,Σπύρος Λάππας,False,False,True
teligioridou,1057566665595076608,False,Τελιγιορίδου Ολυμπία,Ολυμπία Τελιγιορίδου,False,False,False
a_avlonitis,1161547840449130497,False,Αυλωνίτης Χρήστος,Αλέξανδρος Αυλωνίτης,False,False,True
iriniagath,487731215,False,Αγαθοπούλου Ειρήνη-Ελένη,Ειρηνη Αγαθοπουλου,False,False,False
g_psychogios,3100185977,False,Ψυχογιός Γεώργιος,Giorgos Psychogios,True,False,True
syrmal2000,349090550,False,Συρμαλένιος Νικόλαος,Nikos Sirmalenios,True,False,True
annavayena,3377051099,False,Βαγενά Άννα,Άννα Βαγενά,False,False,False
VASILISKOKKALHS,555858535,False,Κόκκαλης Βασίλειος,Βασίλης Κόκκαλης,False,False,True
alterglobal,24637896,False,Μπουρνούς Ιωάννης,Γιάννης Μπουρνούς - Yiannis Bournous,False,False,True
A_Meikopoulos,1001342479,False,Μεϊκόπουλος Αλέξανδρος,Α. Μεϊκόπουλος,False,False,True
alexischaritsis,973164892877459456,False,Χαρίτσης Αλέξης,Αλέξης Χαρίτσης,False,False,False
ZeybekHuseyin,338861628,False,Ζεϊμπέκ Χουσεϊν,huseyin zeybek,True,False,False
tzakri,413080707,True,Τζάκρη Θεοδώρα,Θεοδώρα Τζάκρη,False,False,False
BSkoufa,712255673178976256,False,Σκούφα Μπέττυ,Μπέττυ Σκούφα - Betty Skoufa,False,False,False
kostasbarkas,4178705584,False,Μπάρκας Κωνσταντίνος,Κώστας Μπάρκας - Kostas Barkas,False,False,True
andreasxanthos,1701576919,False,Ξανθός Ανδρέας,andreasxanthos,True,False,False
sakis_papad,970306790,False,Παπαδόπουλος Σάκης,Σάκης Παπαδόπουλος,False,False,False
JSarakiotis,709702013865562112,False,Σαρακιώτης Ιωάννης,Ιωάννης Σαρακιώτης • Ioannis Sarakiotis,False,False,False
PetiPerka,1059819442572611584,False,Πέρκα Πέτη,Peti Perka,True,False,False
KiriakiMalama,1150482424134086659,False,Μάλαμα Κυριακή,kiriaki.malama,True,False,False
pavpol2222,2367424185,False,Πολάκης Παύλος,Παυλος Πολακης,False,False,False
